,checking_status,duration,credit_history,purpose,credit_amount,savings_status,employment,installment_commitment,personal_status,other_parties,residence_since,property_magnitude,age,other_payment_plans,housing,existing_credits,job,num_dependents,own_telephone,foreign_worker,class
0,1,2,1,6,142,4,3,3,3,2,3,3,48,1,1,1,1,0,1,1,1
1,0,29,3,6,770,2,0,1,0,2,1,3,3,1,1,0,1,0,0,1,0
2,3,8,1,2,390,2,1,1,3,2,2,3,30,1,1,0,3,1,0,1,1
3,1,26,3,3,848,2,1,1,3,1,3,1,26,1,0,0,1,1,0,1,1
4,1,17,2,4,734,2,0,2,3,2,3,2,34,1,0,1,1,1,0,1,0
5,3,23,3,2,869,4,0,1,3,2,3,2,16,1,0,0,3,1,1,1,1
6,3,17,3,3,533,1,3,2,3,2,3,1,34,1,1,0,1,0,0,1,1
7,0,23,3,9,813,2,0,1,3,2,1,0,16,1,2,0,0,0,1,1,1
8,3,8,3,6,562,3,1,1,1,2,3,3,42,1,1,0,3,0,0,1,1
9,0,21,1,4,747,2,4,3,2,2,1,0,9,1,1,1,0,0,0,1,0
10,0,8,3,4,190,2,2,2,0,2,0,0,6,1,2,0,1,0,0,1,0
11,1,29,3,0,700,2,2,2,0,2,3,1,5,1,2,0,1,0,0,1,0
12,0,8,3,6,287,2,0,0,0,2,0,0,3,1,1,0,1,0,1,1,1
13,1,17,1,4,149,2,3,3,3,2,3,0,41,1,1,1,3,0,0,1,0
14,1,11,3,4,232,2,0,1,0,2,3,0,9,1,2,0,1,0,0,1,1
15,1,17,3,6,183,0,0,3,0,2,1,0,13,1,1,0,3,0,0,1,0
16,3,17,1,6,464,4,3,3,3,2,3,1,34,1,1,1,1,0,0,1,1
17,1,21,4,0,852,4,2,1,3,2,2,0,6,0,1,2,1,0,0,1,1
18,0,17,3,9,903,2,3,3,0,2,1,2,25,1,0,0,0,0,1,1,0
19,3,17,3,6,608,1,3,2,3,2,1,0,12,1,1,0,1,1,1,1,1
20,3,5,1,4,401,2,0,3,3,2,3,0,29,1,1,2,1,0,1,1,1
21,1,2,3,6,498,1,0,1,3,2,2,3,25,1,2,0,1,1,0,1,1
22,1,6,1,4,422,2,2,0,3,2,2,3,29,1,2,1,3,1,0,0,1
23,0,8,1,9,322,0,2,2,3,2,3,1,25,1,1,0,1,0,0,1,1
24,3,6,1,3,387,4,0,1,2,2,0,0,7,1,1,1,1,0,0,0,1
25,1,2,3,3,222,2,0,0,3,2,1,3,17,0,1,0,3,0,1,1,1
26,3,2,4,6,10,2,3,3,2,2,3,0,20,1,1,0,3,0,0,1,1
27,2,8,0,6,9,3,0,2,0,2,2,3,23,1,2,1,1,0,0,1,1
28,0,3,3,6,463,2,0,2,3,1,1,3,15,1,1,0,1,0,0,1,1
29,1,31,2,0,808,2,3,2,3,2,3,2,44,1,1,1,1,0,1,1,0
30,0,13,3,0,349,3,2,2,2,2,2,3,17,0,1,0,1,0,1,1,1
31,1,17,3,3,682,2,0,1,3,2,1,0,8,2,1,0,1,0,0,1,1
32,0,13,3,4,768,0,0,1,3,2,1,0,11,1,1,1,1,0,1,1,1
33,3,8,1,0,178,4,3,3,3,2,3,2,38,1,2,0,3,0,0,1,1
34,2,8,3,3,253,2,2,3,0,2,0,1,14,0,1,0,0,0,1,1,1
35,0,27,1,6,725,2,2,3,3,2,1,1,6,1,1,1,3,0,0,1,0
36,3,29,1,2,776,2,0,0,3,2,2,2,12,0,0,0,1,0,1,1,1
37,2,13,3,6,391,2,0,3,3,0,1,3,18,2,1,0,1,0,0,1,0
38,2,6,3,1,163,2,0,1,3,2,1,0,18,1,1,0,1,0,1,1,1
39,0,5,3,6,15,2,0,3,3,2,2,3,5,1,1,0,1,0,0,1,1
40,3,21,3,6,447,1,3,3,3,2,1,0,11,0,1,0,0,0,0,1,1
41,0,8,3,6,138,1,0,2,1,2,0,0,7,1,1,0,1,0,1,1,1
42,0,13,2,7,781,2,0,1,3,2,3,3,25,1,1,0,3,1,1,1,1
43,1,21,1,9,779,0,1,0,2,2,3,0,5,1,2,1,1,0,0,1,1
44,1,29,1,9,777,2,3,3,0,2,3,2,39,2,0,1,3,0,0,1,0
45,3,7,1,4,230,2,2,3,0,2,3,0,16,1,1,1,0,0,0,1,1
46,3,23,3,6,434,1,3,3,3,2,3,0,20,1,1,0,1,0,0,1,1
47,1,2,3,9,213,1,4,0,0,2,1,1,4,1,2,0,2,0,1,1,1
48,3,7,1,4,821,2,0,0,3,2,3,1,20,1,1,1,3,0,0,1,1
49,3,8,3,6,388,0,0,3,0,0,1,3,9,1,1,0,1,0,0,1,1
50,0,17,2,3,447,4,2,3,3,2,1,1,10,0,1,0,3,0,0,1,1
51,0,19,2,9,772,2,3,0,3,2,1,0,11,1,1,1,0,0,1,1,1
52,3,8,3,6,177,2,0,2,3,2,1,0,6,1,1,0,1,0,0,1,1
53,3,13,3,9,598,4,0,1,3,2,0,1,12,1,1,0,1,0,1,1,1
54,0,23,2,4,419,2,3,3,3,2,3,2,38,0,0,1,1,0,1,1,0
55,3,2,0,4,64,4,0,0,3,1,1,3,7,2,1,0,3,1,0,1,1
56,0,8,3,6,797,4,4,1,3,2,0,2,33,1,1,0,0,0,1,1,0
57,3,23,1,6,876,2,0,1,0,2,1,0,12,2,1,1,1,0,0,1,1
58,2,13,3,4,366,2,3,2,0,2,1,0,4,1,1,0,0,0,0,1,1
59,1,23,1,3,783,2,2,3,0,0,3,2,4,1,2,1,3,0,1,1,0
60,0,5,3,0,229,2,0,1,2,2,0,3,8,0,1,0,1,0,1,1,1
61,0,11,1,6,275,4,3,3,3,1,3,3,31,1,1,1,1,0,1,1,1
62,0,23,4,0,364,2,3,3,3,2,3,2,42,1,0,0,0,0,1,1,0
63,0,29,4,0,912,2,0,1,3,2,1,0,6,1,1,0,1,0,1,1,0
64,3,17,3,6,580,2,2,3,0,2,3,1,7,1,1,0,1,0,1,1,1
65,3,19,3,7,746,4,3,3,3,2,3,1,29,1,1,3,1,1,1,1,1
66,3,8,3,6,410,2,2,1,0,2,1,0,10,0,1,0,1,0,0,1,1
67,0,8,3,4,107,3,0,3,2,2,0,3,3,1,1,0,1,0,0,1,1
68,3,23,3,2,325,2,0,3,3,2,3,2,18,2,0,0,1,0,1,1,0
69,3,23,3,6,459,4,0,3,0,2,3,0,6,1,1,0,1,0,0,1,1
70,3,23,3,9,854,2,0,0,0,2,1,1,11,0,1,0,1,0,0,1,1
71,3,3,1,6,51,4,3,3,3,2,1,1,27,1,2,1,3,0,1,1,1
72,1,4,1,5,140,2,3,2,3,2,3,2,32,0,0,1,0,1,1,1,1
73,0,26,1,0,771,2,1,1,0,2,0,3,22,0,1,1,3,0,0,1,1
74,1,23,3,2,370,4,3,3,3,2,3,2,21,1,1,0,0,0,1,1,0
75,1,8,1,9,270,2,3,3,3,2,3,2,47,1,0,1,0,0,0,1,1
76,1,26,3,6,674,2,2,3,3,2,2,0,15,1,1,0,1,0,0,1,0
77,0,7,2,6,726,2,1,1,3,2,3,1,32,1,1,0,1,0,0,1,1
78,3,30,4,9,875,4,0,1,3,2,1,1,20,1,1,0,3,1,0,1,1
79,0,21,3,3,657,2,2,1,2,2,0,1,3,1,1,0,1,0,0,1,1
80,3,17,3,6,769,4,2,0,0,2,0,0,25,1,1,1,1,0,1,1,0
81,3,11,3,6,157,1,3,3,3,2,2,1,28,2,1,0,1,0,1,1,1
82,3,13,3,0,288,0,0,2,0,2,3,1,5,1,2,0,3,0,0,1,1
83,1,17,3,5,315,2,3,3,0,1,3,3,39,1,1,0,3,0,1,1,1
84,1,6,3,6,438,2,3,2,3,2,3,3,33,1,1,0,3,0,0,1,1
85,3,8,1,0,235,2,0,3,0,1,1,3,10,1,1,1,0,0,1,1,1
86,0,13,1,3,190,2,2,3,0,2,0,1,8,1,1,1,1,0,0,1,1
87,0,23,3,2,904,0,0,0,3,2,3,2,28,1,0,0,1,1,1,1,0
88,1,13,3,4,425,0,1,3,3,2,2,0,11,1,1,0,0,1,1,1,1
89,1,8,4,7,128,2,1,3,3,2,2,3,9,1,1,1,1,0,0,1,0
90,3,8,1,6,24,2,3,3,3,2,3,3,37,1,1,0,1,0,0,1,1
91,1,8,1,9,233,2,3,3,3,2,2,3,35,1,1,0,1,0,0,1,1
92,3,8,1,6,67,4,3,3,0,2,2,1,14,0,1,0,3,1,0,1,0
93,2,17,1,3,636,4,3,3,3,0,3,2,1,1,2,1,1,0,0,1,1
94,0,8,3,4,200,3,3,3,3,2,3,3,35,1,1,0,1,0,1,1,1
95,0,30,4,0,919,2,2,2,3,2,3,2,39,1,2,0,1,0,1,1,0
96,3,8,1,2,377,4,1,3,0,2,1,0,42,1,1,0,1,0,0,1,1
97,0,13,3,0,494,0,0,3,3,2,3,0,15,1,1,0,1,0,0,1,1
98,0,23,1,6,448,2,3,3,3,2,3,3,17,1,1,0,1,0,0,1,1
99,0,14,2,9,816,4,1,2,3,2,3,1,17,0,2,1,0,1,1,1,1
100,3,17,3,4,250,0,3,3,2,2,3,3,22,1,2,0,3,0,0,1,1
101,0,23,3,6,441,2,1,3,3,2,3,0,5,1,2,0,1,0,0,1,1
102,3,2,2,6,92,2,0,2,0,2,1,3,5,1,1,0,1,0,0,1,1
103,0,5,1,3,350,2,1,3,3,2,2,0,16,1,2,0,1,0,1,1,1
104,3,8,3,9,468,4,2,1,2,2,3,0,7,1,2,0,1,0,1,1,1
105,0,17,1,5,898,2,0,1,3,0,2,0,20,1,1,1,0,1,1,1,0
106,3,13,0,4,796,2,3,1,3,2,3,2,20,0,1,1,0,1,1,1,0
107,0,8,3,4,775,2,1,1,3,2,1,0,13,1,1,0,1,0,0,1,1
108,1,17,3,3,841,4,2,0,0,2,1,1,11,1,1,0,1,0,1,0,1
109,0,10,3,0,234,1,3,0,2,2,1,3,16,1,1,0,1,0,1,1,1
110,0,2,2,0,246,0,3,0,1,2,1,0,12,0,1,1,1,1,0,1,1
111,2,11,3,2,8,2,2,3,0,2,3,1,4,1,2,0,1,0,1,1,1
112,0,13,3,4,784,2,1,2,3,2,2,3,9,1,2,0,3,0,0,1,1
113,3,23,1,4,846,2,0,3,0,2,1,3,6,2,1,1,1,0,1,1,0
114,1,8,3,6,307,1,3,2,2,2,0,3,16,1,1,0,1,0,0,1,1
115,3,29,1,6,629,4,3,3,3,2,0,3,28,1,1,0,1,0,1,1,1
116,1,26,3,6,820,4,1,3,0,2,2,0,11,1,1,0,0,0,1,1,0
117,1,6,1,3,399,4,2,1,0,0,2,3,8,1,2,1,1,0,0,0,1
118,1,22,1,3,698,1,0,0,0,2,3,0,4,1,1,1,1,0,0,1,0
119,0,8,1,4,454,1,1,2,1,2,2,0,17,1,1,0,0,0,1,1,1
120,1,15,3,6,329,2,0,2,0,2,1,3,6,1,1,1,1,0,1,1,0
121,3,17,1,9,663,2,3,3,0,2,1,0,22,1,2,1,0,0,1,1,1
122,3,8,3,3,317,2,0,2,3,2,1,3,5,1,2,0,3,0,0,1,1
123,2,6,1,4,63,2,3,3,3,2,3,2,44,1,0,1,1,0,1,1,1
124,0,13,3,3,352,4,2,3,0,2,2,3,8,1,2,0,1,0,0,1,0
125,1,8,1,4,396,2,0,3,3,2,1,1,11,1,1,1,1,0,0,1,1
126,1,8,3,6,44,2,0,3,2,2,1,3,21,1,1,0,3,0,0,1,1
127,0,8,3,7,28,2,0,3,3,2,1,0,11,1,1,0,1,0,0,1,0
128,0,8,1,9,335,2,4,3,3,2,1,0,15,1,1,1,0,0,1,1,1
129,1,8,1,4,616,2,0,2,0,0,1,3,10,1,1,1,1,0,0,1,0
130,0,29,3,4,861,4,1,0,0,2,1,0,5,1,1,0,1,0,0,1,1
131,1,23,2,2,812,2,0,3,3,2,2,1,10,2,1,0,1,0,1,1,0
132,3,11,3,3,508,2,2,1,3,2,2,1,8,0,1,1,3,0,0,1,1
133,3,13,3,3,373,2,0,3,3,2,3,2,28,0,0,1,1,0,0,1,1
134,3,31,3,6,882,0,1,1,0,2,3,3,2,1,1,0,1,0,1,1,1
135,3,8,1,6,170,4,3,3,0,2,1,3,19,1,1,1,1,0,1,1,1
136,3,19,2,9,863,3,0,1,3,2,1,0,8,1,1,1,1,0,0,1,1
137,0,8,3,6,61,1,0,3,3,2,2,3,47,1,1,0,3,0,0,1,0
138,0,11,1,6,511,4,1,3,3,1,1,3,16,0,1,2,1,0,1,1,1
139,2,8,3,6,340,2,0,1,0,2,1,0,25,1,2,0,3,0,1,1,1
140,2,2,3,4,47,3,2,1,2,2,1,3,8,1,1,0,2,0,0,0,1
141,0,23,3,6,728,2,2,3,0,2,0,2,11,1,1,0,0,0,1,1,1
142,1,19,3,6,606,2,0,2,3,2,1,0,8,1,1,0,0,0,0,1,1
143,1,13,3,3,469,2,0,1,3,2,1,0,3,1,1,0,1,0,0,1,0
144,3,15,1,3,432,2,2,3,0,2,3,1,4,1,1,0,1,0,1,1,1
145,0,29,0,0,625,0,1,3,3,2,1,0,11,1,1,0,1,0,0,1,1
146,1,2,1,4,74,2,3,0,0,2,3,2,20,1,1,1,1,0,1,1,1
147,3,8,1,4,37,0,1,3,0,2,2,0,32,1,1,1,1,0,1,1,1
148,1,23,1,3,752,2,0,2,3,1,1,1,9,1,1,1,1,0,0,1,1
149,3,13,1,6,293,3,3,3,3,2,3,0,27,1,1,1,1,0,0,1,1
150,3,2,3,6,211,0,3,1,3,2,3,2,23,0,0,0,1,1,1,1,1
151,3,6,3,6,352,2,0,0,3,2,3,1,19,1,1,0,1,0,1,0,1
152,2,23,3,6,767,2,0,3,3,2,0,0,5,1,1,0,1,0,0,1,1
153,0,17,1,9,842,3,3,1,0,2,3,2,10,1,2,0,1,0,0,1,1
154,0,17,2,0,814,0,1,3,3,2,3,0,17,1,2,0,0,0,1,1,1
155,1,8,3,3,183,2,0,1,0,2,3,0,1,1,2,0,1,0,0,1,0
156,1,5,1,7,187,0,3,2,3,1,3,3,29,1,1,1,1,1,0,0,1
157,1,8,0,8,3,2,3,3,2,2,0,0,26,0,1,0,3,0,0,1,1
158,0,17,3,4,618,0,1,1,3,2,2,0,19,0,1,1,1,0,1,1,1
159,3,2,1,6,345,4,0,0,3,2,1,3,15,1,1,1,3,1,0,1,1
160,3,17,1,6,538,0,3,2,3,2,3,3,17,1,1,0,1,1,1,1,1
161,3,13,1,4,118,2,2,3,0,2,0,1,11,1,1,1,1,0,0,1,1
162,3,11,3,1,177,1,1,3,3,2,2,1,17,1,1,1,1,0,1,1,1
163,0,6,3,4,825,2,4,1,3,2,3,2,50,0,0,0,0,0,1,1,1
164,3,23,3,4,85,1,3,3,3,2,3,1,17,1,1,0,1,0,0,1,1
165,3,2,3,3,550,1,0,0,3,2,1,0,13,1,1,0,1,0,1,1,1
166,1,13,3,3,132,2,4,3,0,2,1,0,14,1,1,0,1,0,0,1,0
167,0,7,3,3,292,3,2,3,0,2,0,3,1,1,1,0,1,0,0,1,1
168,3,17,3,3,676,2,1,1,0,2,3,1,6,1,2,0,1,0,1,1,1
169,0,17,1,0,357,2,3,3,1,2,3,3,12,1,1,1,1,0,1,1,0
170,1,11,4,4,97,2,3,3,3,2,2,0,14,1,2,1,1,1,0,1,0
171,3,8,3,3,60,2,0,3,0,2,0,3,7,1,1,0,1,0,1,1,1
172,0,17,2,3,386,2,4,2,0,2,1,1,15,1,1,0,0,0,1,1,0
173,0,4,3,6,237,2,0,3,3,1,1,3,14,1,1,0,1,0,0,0,1
174,1,15,2,2,605,2,2,1,3,2,0,1,7,1,1,1,1,0,0,1,0
175,3,21,0,9,834,4,4,3,0,2,0,3,34,0,1,0,0,0,1,1,0
176,1,8,3,3,485,2,0,1,1,2,0,0,23,1,1,0,1,0,0,1,1
177,1,2,1,6,2,1,3,3,3,2,3,0,33,1,1,1,1,0,0,1,1
178,3,8,3,6,367,2,1,3,3,2,1,0,12,1,2,1,0,1,1,1,1
179,1,15,1,4,19,2,3,3,3,2,3,3,46,1,1,1,1,0,0,1,1
180,3,23,2,0,877,2,2,0,1,2,0,0,9,1,1,1,1,0,0,1,0
181,0,23,2,0,706,2,0,1,1,2,1,3,11,2,1,1,0,0,1,1,0
182,1,15,0,4,302,4,0,3,3,2,1,1,21,1,1,1,3,1,0,1,0
183,3,17,1,3,653,3,0,3,3,2,3,3,31,1,1,0,1,0,1,1,1
184,0,13,1,4,78,2,3,3,3,2,3,0,17,0,1,0,1,1,1,1,0
185,3,11,1,6,216,2,0,3,3,2,1,1,12,1,1,1,1,0,0,1,1
186,0,5,0,9,742,2,3,1,0,2,3,2,51,0,0,0,0,1,1,1,0
187,0,12,1,4,143,2,4,1,3,2,2,0,49,1,0,2,2,0,1,1,1
188,1,8,3,6,36,0,1,3,2,2,0,1,1,1,1,0,1,0,0,1,0
189,0,13,4,3,588,2,0,0,0,2,3,0,14,0,1,1,1,0,1,1,1
190,3,17,3,0,713,3,0,1,3,2,2,1,35,1,1,2,0,0,1,1,0
191,0,29,4,0,659,0,1,3,3,2,3,2,15,1,0,0,3,1,0,1,0
192,0,19,3,0,669,2,0,3,3,2,1,0,17,1,1,0,1,1,1,1,0
193,3,2,3,6,393,2,1,1,2,2,1,3,10,1,2,0,1,0,0,1,1
194,0,27,3,6,559,0,0,3,3,1,3,1,2,1,2,0,1,0,0,1,0
195,0,5,1,2,261,2,3,1,0,2,2,0,15,1,1,1,0,0,1,1,0
196,3,2,1,6,226,2,0,0,0,2,0,0,9,1,1,1,1,0,1,1,1
197,0,8,3,3,98,0,2,3,0,2,3,0,8,0,2,3,1,0,0,1,0
198,0,17,3,9,519,4,3,3,3,2,3,2,17,0,0,0,1,0,1,1,1
199,0,13,2,3,699,2,3,3,1,2,2,2,21,1,1,0,0,0,1,1,0
200,3,5,1,2,93,1,3,3,3,2,1,0,33,1,1,1,1,0,1,1,1
201,1,8,3,4,141,2,0,3,2,2,2,3,8,1,1,0,3,0,0,1,1
202,3,19,2,0,741,2,1,2,3,2,3,0,7,1,1,1,1,0,0,1,1
203,1,8,3,8,83,2,1,3,2,2,3,1,2,1,2,0,1,0,0,1,0
204,3,8,1,4,259,2,3,3,3,2,0,3,19,1,1,1,3,1,0,1,1
205,1,21,1,9,887,2,3,2,3,2,3,2,19,1,0,2,0,1,1,1,1
206,3,8,1,3,357,2,3,3,3,2,3,3,24,1,1,2,1,0,1,1,1
207,0,8,1,1,240,2,1,3,3,2,2,1,7,1,1,0,1,0,0,1,1
208,1,17,3,0,800,2,0,1,2,2,1,0,2,2,1,0,3,0,0,1,1
209,3,8,3,9,236,3,1,2,3,2,1,1,36,1,1,0,1,0,0,0,1
210,3,5,1,6,566,4,0,0,3,2,1,3,14,1,1,1,1,1,0,1,1
211,3,23,3,6,658,4,3,1,0,2,3,3,26,1,1,0,3,0,1,1,1
212,1,19,4,0,749,2,4,1,3,2,3,1,31,2,1,1,1,0,1,1,0
213,2,21,2,0,348,2,3,3,3,2,3,3,47,1,1,0,0,0,1,1,0
214,3,23,1,6,592,4,3,3,3,2,1,0,32,1,1,0,1,0,1,1,1
215,0,2,1,8,92,4,1,0,0,2,2,1,20,1,1,1,3,0,0,1,1
216,1,13,4,0,570,2,1,2,3,2,0,1,12,0,1,0,1,0,1,1,1
217,2,23,3,6,667,2,0,1,3,2,1,3,4,1,1,0,1,0,1,1,1
218,1,17,3,3,557,2,0,1,1,2,1,3,5,1,2,0,3,0,0,1,1
219,3,6,3,4,218,2,0,1,0,2,3,0,45,1,1,0,1,0,1,1,1
220,0,8,3,6,25,2,2,3,2,1,0,3,7,0,1,0,3,0,0,1,1
221,1,8,3,2,150,4,0,3,0,2,3,1,4,0,2,0,1,0,1,1,1
222,3,8,3,6,45,2,0,3,3,2,1,3,11,0,1,1,1,0,0,1,1
223,3,17,2,0,550,4,0,3,3,2,3,3,13,1,1,1,1,1,1,1,1
224,3,11,3,9,718,2,0,2,3,2,1,0,11,1,1,0,1,0,1,1,1
225,3,23,4,7,493,2,0,3,3,2,1,0,8,1,1,1,1,0,0,1,1
226,0,29,3,6,890,3,1,0,3,0,1,2,8,0,1,1,1,0,1,1,0
227,1,8,3,3,847,2,3,3,3,2,3,2,34,1,0,0,0,0,1,1,0
228,3,5,3,6,254,2,1,3,3,2,1,0,3,1,1,0,1,0,0,1,0
229,1,17,3,3,577,2,2,3,3,2,0,2,3,0,0,0,1,0,0,1,1
230,2,23,3,6,692,2,0,3,3,2,1,0,7,1,1,0,1,0,0,1,0
231,3,5,3,4,475,1,3,1,3,2,3,2,32,1,0,0,3,0,0,1,1
232,3,8,3,6,403,0,1,2,3,2,0,2,16,1,1,0,1,0,0,1,1
233,0,13,3,6,75,2,0,3,2,1,1,3,6,1,1,0,3,0,0,1,1
234,3,0,1,6,279,2,1,1,3,2,0,3,23,1,1,2,3,1,0,1,1
235,1,17,3,6,327,2,4,3,3,2,1,0,11,2,1,0,0,1,0,1,0
236,0,2,3,4,913,4,4,0,3,2,1,1,4,1,1,0,2,0,1,1,0
237,0,15,3,0,522,0,3,3,1,2,1,0,42,0,2,1,3,0,0,1,0
238,3,8,1,6,189,2,0,3,0,2,1,1,16,1,1,1,1,0,0,1,1
239,1,21,3,6,479,2,3,0,3,1,2,1,20,1,1,0,1,1,0,1,1
240,1,17,3,4,86,4,3,3,0,2,1,0,10,0,1,0,1,0,0,1,0
241,3,2,3,6,297,2,1,2,3,2,1,1,32,1,1,0,1,1,0,1,1
242,1,29,4,9,715,2,3,2,3,2,3,2,5,1,0,1,1,1,0,1,0
243,3,8,1,0,144,2,0,2,0,2,1,3,8,1,1,1,1,0,0,1,1
244,3,8,0,8,611,1,0,3,0,2,2,3,16,1,1,0,3,1,0,1,1
245,3,17,3,0,176,2,1,3,3,2,0,3,6,1,1,0,1,0,1,1,1
246,3,8,1,6,48,2,3,3,3,2,3,3,33,1,1,2,1,0,0,1,1
247,3,2,4,4,153,0,0,3,3,2,0,2,16,0,2,0,1,0,0,0,1
248,2,17,3,3,353,2,0,1,3,2,1,3,7,1,1,0,1,0,0,1,1
249,3,13,3,6,12,2,4,2,0,0,3,3,3,1,2,0,1,0,0,1,0
250,1,2,1,4,34,3,1,2,0,2,3,3,20,1,1,1,3,0,1,1,1
251,2,8,3,3,426,2,0,0,0,2,1,0,27,1,1,0,3,0,0,1,1
252,0,21,3,4,408,2,0,3,0,1,1,2,5,0,1,0,1,0,0,1,0
253,3,17,2,3,688,0,0,1,3,2,2,1,16,1,1,1,1,0,0,1,1
254,0,5,3,3,380,4,1,1,3,2,0,0,5,1,1,0,1,0,1,1,1
255,0,31,2,6,830,4,0,0,3,2,0,3,8,1,1,0,3,0,0,1,1
256,3,17,1,6,505,2,0,3,3,2,1,3,16,1,1,1,3,0,0,1,1
257,1,8,0,6,407,2,0,3,1,2,0,2,10,1,0,0,1,0,0,1,0
258,3,11,3,9,656,0,2,0,0,2,3,0,4,1,1,0,1,0,1,1,1
259,3,7,1,6,136,0,4,3,0,2,3,3,38,1,1,2,3,0,0,1,1
260,1,8,3,3,304,2,0,1,3,2,1,3,8,1,1,0,1,0,0,1,1
261,1,17,3,6,300,2,3,3,0,2,3,0,36,1,1,0,1,0,0,1,1
262,1,13,1,4,750,2,3,1,3,2,3,2,17,1,0,2,0,0,1,1,1
263,3,8,1,2,515,2,3,1,0,2,3,2,38,0,0,2,3,0,0,1,1
264,3,6,1,4,165,2,3,2,3,2,3,3,13,1,1,1,3,1,0,0,1
265,0,11,3,6,68,2,3,3,3,2,2,0,18,1,1,0,1,1,0,1,0
266,3,23,1,0,787,4,3,3,3,2,3,3,17,1,1,1,1,0,0,1,1
267,3,17,3,6,273,2,2,3,0,2,2,0,19,2,1,0,1,0,1,1,1
268,1,10,3,4,867,2,3,0,1,2,3,1,26,1,1,0,0,0,1,0,0
269,3,17,3,6,106,4,3,3,3,2,1,0,6,1,1,1,1,0,0,1,1
270,3,13,3,4,500,4,1,3,3,2,2,1,13,1,1,0,1,0,0,0,1
271,3,8,1,3,231,1,1,2,0,2,3,0,18,1,2,0,1,0,1,1,1
272,0,29,0,4,900,4,4,3,3,0,3,2,17,1,0,0,0,0,1,1,1
273,0,29,3,6,563,2,1,3,3,2,3,3,9,1,1,1,1,0,0,1,0
274,1,21,3,7,899,2,2,0,1,2,0,2,15,1,1,0,3,0,1,1,0
275,3,5,3,6,507,2,0,0,3,2,1,3,13,1,1,0,1,1,0,1,1
276,3,13,1,6,461,2,0,1,0,2,1,0,7,1,1,1,1,0,0,1,1
277,1,8,3,3,177,4,3,1,1,2,3,1,30,1,1,0,3,0,1,1,1
278,3,2,3,3,716,2,2,0,0,2,3,1,13,1,1,0,1,0,0,1,0
279,3,17,3,6,346,0,0,3,3,2,3,0,10,1,2,0,0,0,1,1,1
280,3,11,1,9,597,3,3,2,3,2,3,2,4,1,2,1,1,0,1,1,1
281,3,8,3,3,291,2,0,3,3,2,1,3,31,1,1,0,1,0,0,1,1
282,2,13,0,6,245,4,1,3,3,2,3,0,30,0,1,0,3,0,0,1,1
283,3,11,1,3,267,4,3,3,3,2,3,1,44,1,1,0,1,0,0,1,1
284,0,17,1,4,665,0,2,3,1,2,1,0,18,1,1,0,1,0,1,1,1
285,1,28,3,4,888,2,2,0,0,2,0,3,16,1,1,0,3,0,1,1,1
286,1,29,3,9,727,2,1,3,3,2,2,1,7,1,1,0,1,1,0,1,1
287,0,29,2,5,836,0,4,1,3,2,3,2,12,1,0,0,0,0,1,1,1
288,0,8,3,6,123,2,0,3,0,1,3,3,30,1,1,1,1,0,1,1,1
289,1,17,2,6,108,2,2,3,2,2,3,3,29,2,1,0,1,0,0,1,0
290,3,8,3,0,121,2,0,1,2,2,1,3,7,1,1,0,1,0,1,0,1
291,0,23,3,9,874,2,2,0,2,2,3,0,9,1,2,0,0,0,1,1,0
292,1,17,1,9,795,2,3,1,0,2,3,2,25,1,0,1,0,1,1,1,1
293,2,26,1,9,729,2,3,3,3,2,3,2,37,1,0,0,1,0,0,1,1
294,3,29,1,0,838,4,3,3,1,2,1,0,27,0,1,1,0,1,0,1,1
295,0,29,3,3,880,2,2,0,0,2,1,0,7,1,1,0,1,0,1,1,0
296,3,8,3,9,719,4,2,0,0,2,3,0,1,1,2,0,1,0,0,1,1
297,3,6,3,4,186,4,3,3,3,0,1,1,26,1,1,0,3,0,0,0,1
298,3,13,3,3,477,2,0,2,3,2,3,3,24,1,1,0,1,0,1,1,1
299,0,15,1,3,513,3,1,2,3,2,1,0,13,1,1,1,1,0,1,1,1
300,3,2,3,4,35,2,4,0,0,2,3,3,35,1,1,0,2,0,1,1,1
301,0,23,4,6,655,2,0,3,0,2,0,0,23,1,1,0,1,0,1,1,0
302,2,17,1,4,209,4,1,3,3,2,1,3,18,0,1,1,3,1,0,1,0
303,1,6,1,4,111,2,1,3,3,0,2,1,30,1,1,1,1,0,1,1,1
304,3,29,1,4,881,1,0,1,3,2,1,2,25,0,0,0,1,0,0,1,0
305,3,2,3,3,278,3,0,3,1,2,1,3,14,1,1,0,1,0,0,1,1
306,3,21,3,9,730,4,1,1,0,2,3,1,5,2,2,0,3,0,0,1,1
307,1,8,3,6,50,0,2,3,2,2,2,2,14,1,1,0,3,0,1,1,0
308,0,4,3,3,167,2,0,2,0,2,3,3,5,1,1,0,1,0,0,1,0
309,0,5,3,4,1,2,0,3,2,2,3,3,3,1,2,0,3,0,0,1,1
310,0,29,3,5,753,4,4,2,3,2,3,2,21,0,0,0,2,0,1,1,1
311,3,17,3,3,757,0,0,3,3,2,0,0,6,2,1,0,1,0,0,1,1
312,2,17,3,3,649,2,2,1,0,2,3,0,7,1,1,0,1,0,0,1,1
313,0,8,3,4,40,2,1,1,2,2,2,0,6,0,1,0,3,0,0,1,0
314,2,0,3,4,258,4,2,0,3,2,1,3,10,1,1,0,3,1,0,0,1
315,1,23,0,3,514,2,3,3,3,2,3,0,12,0,1,0,1,0,0,1,0
316,1,8,3,3,46,2,0,1,3,1,2,1,19,1,1,0,3,1,0,1,1
317,0,17,3,3,701,4,0,0,0,2,3,1,29,1,1,0,3,0,1,1,1
318,3,8,1,2,44,2,0,3,3,2,1,0,13,1,1,1,1,0,0,1,1
319,1,11,2,3,641,2,3,0,0,2,3,1,8,1,1,1,3,0,0,1,1
320,0,21,1,4,695,2,4,3,2,2,1,0,9,1,1,1,0,0,0,1,0
321,1,17,3,6,359,2,2,3,1,2,2,1,13,1,1,0,1,0,0,1,0
322,1,17,3,9,543,2,1,1,3,2,0,2,15,1,0,0,0,0,1,1,1
323,1,13,3,3,499,3,0,3,3,2,1,0,9,1,1,0,1,0,0,1,1
324,3,13,1,4,109,2,0,3,0,2,2,3,17,1,1,1,1,0,0,1,1
325,1,4,1,4,603,2,1,0,3,2,3,3,20,1,1,1,3,0,0,0,1
326,3,8,1,3,764,4,3,1,3,2,3,1,30,1,2,0,1,0,1,1,1
327,3,17,3,4,269,3,1,3,0,2,2,0,15,1,1,0,1,1,1,1,1
328,2,23,3,6,708,2,3,3,3,2,1,0,12,1,1,0,1,0,0,1,1
329,0,2,3,6,120,2,3,3,3,2,3,0,9,1,1,0,1,1,0,1,1
330,1,17,1,9,803,2,4,1,3,2,3,2,52,1,0,1,0,0,1,1,1
331,3,13,1,2,336,0,0,3,0,2,1,3,11,1,1,1,1,0,0,1,0
332,0,31,3,4,828,0,2,3,0,2,1,1,5,1,1,0,0,0,0,1,0
333,3,29,1,9,895,0,0,1,0,2,3,0,5,0,2,1,3,0,0,1,0
334,1,17,4,3,685,2,3,2,3,2,3,2,4,0,2,1,1,1,0,1,0
335,1,2,1,3,600,2,0,0,1,2,3,3,25,1,2,0,0,0,1,1,0
336,0,9,3,6,392,2,2,1,0,1,3,1,4,1,1,0,3,0,0,1,1
337,1,11,3,1,181,4,0,3,0,2,1,0,5,1,2,0,1,0,0,1,0
338,1,17,3,3,691,2,0,3,3,2,3,1,9,1,1,0,1,0,0,1,1
339,0,6,3,3,268,2,0,3,1,2,1,0,12,1,1,0,3,0,0,1,1
340,0,17,1,2,761,2,2,1,0,2,3,2,5,1,0,1,1,0,1,1,1
341,1,15,3,3,633,2,1,0,0,2,3,0,7,1,2,0,3,0,0,1,1
342,0,13,3,6,584,1,2,0,2,2,2,3,6,1,2,0,1,0,0,1,1
343,0,13,3,0,704,2,3,0,3,0,0,3,14,0,1,0,0,0,1,1,1
344,2,6,3,4,672,2,2,0,3,1,0,1,18,1,1,0,3,1,0,1,1
345,3,11,1,6,249,2,0,3,0,2,1,0,24,1,1,0,3,0,0,1,1
346,0,9,1,6,77,2,2,3,3,1,3,3,4,1,1,1,1,0,0,1,1
347,0,17,3,6,651,1,4,0,0,2,3,2,4,1,2,0,2,0,0,1,1
348,3,2,2,0,312,0,0,0,3,2,1,3,15,1,1,1,3,0,0,1,1
349,0,5,1,2,133,3,3,3,3,2,2,2,13,1,0,1,1,1,0,1,0
350,3,5,3,1,166,2,2,0,0,2,3,3,4,1,2,0,1,0,1,1,1
351,0,5,3,3,100,2,0,0,0,2,1,0,10,1,1,0,1,0,0,0,0
352,3,13,1,9,585,4,4,1,3,2,3,2,19,1,1,0,0,0,1,1,1
353,1,8,4,6,780,2,0,3,3,2,1,1,9,1,2,1,1,0,1,1,0
354,3,6,3,2,50,1,3,3,3,2,3,2,27,1,0,0,1,0,1,1,1
355,0,17,3,4,173,2,2,3,3,2,1,3,4,2,1,0,3,0,0,1,0
356,3,8,1,6,446,4,3,0,3,0,3,3,30,1,1,0,1,0,1,1,1
357,3,23,2,6,707,2,0,3,3,2,1,0,7,1,1,1,0,0,1,1,0
358,3,8,3,6,62,2,0,3,2,2,1,3,9,1,1,0,1,0,0,1,1
359,1,21,3,3,462,2,1,3,0,2,3,3,4,1,2,0,1,0,0,1,0
360,0,13,3,2,169,4,0,3,3,2,3,2,42,1,0,0,1,0,0,1,1
361,2,8,3,6,604,4,3,1,3,2,2,0,18,1,1,0,0,0,0,1,1
362,2,8,2,4,424,2,0,1,0,2,1,0,17,2,1,1,1,0,1,1,1
363,3,2,3,3,316,2,0,0,2,2,1,1,2,1,2,0,1,0,0,1,1
364,1,13,3,3,471,2,4,3,3,2,0,0,6,1,1,0,2,0,0,1,0
365,3,8,3,0,277,2,1,1,3,2,3,0,17,1,1,0,1,0,1,1,1
366,3,13,1,9,660,2,1,2,3,2,0,0,8,1,1,1,1,0,0,1,1
367,1,13,3,3,642,2,2,0,0,2,3,0,3,1,2,0,1,0,0,1,1
368,1,23,3,3,610,2,3,3,3,2,1,0,23,1,1,0,1,1,0,1,0
369,0,13,3,3,554,2,1,1,0,2,3,3,21,1,2,0,1,0,0,1,1
370,3,23,3,4,568,4,0,3,3,2,3,3,17,1,1,0,1,0,0,1,1
371,3,13,1,6,774,2,3,2,3,2,3,0,14,1,1,1,1,0,1,1,1
372,3,6,1,3,406,2,2,0,0,2,2,3,4,1,2,1,1,0,0,1,1
373,3,31,1,4,908,4,3,1,3,2,3,2,44,0,0,0,0,0,1,1,1
374,0,31,0,5,914,0,3,2,0,2,3,2,41,0,0,1,0,0,1,1,0
375,1,29,0,0,840,2,1,1,0,1,3,0,18,1,2,0,1,0,0,1,0
376,3,13,2,6,440,2,4,1,2,2,2,3,15,1,1,1,1,0,0,1,1
377,3,3,2,6,73,4,3,2,3,2,3,2,17,1,0,0,1,0,0,1,1
378,0,23,3,4,911,2,3,3,3,2,1,2,38,1,0,0,0,0,1,1,0
379,3,2,1,4,5,0,0,3,0,2,3,0,33,1,1,1,3,0,0,1,1
380,1,14,3,3,415,4,1,3,3,2,3,0,20,1,1,0,1,0,1,1,1
381,0,13,3,9,907,2,4,2,0,2,3,2,19,1,0,0,0,0,1,1,0
382,3,16,3,4,184,4,1,3,0,2,3,1,6,1,2,0,1,0,0,1,1
383,2,8,3,4,203,2,2,3,3,2,0,3,7,1,1,0,1,0,0,1,1
384,3,21,2,0,696,0,0,1,3,2,1,1,7,1,1,1,3,0,0,1,1
385,3,13,1,6,421,2,0,1,0,2,0,0,6,1,1,1,1,0,0,1,1
386,3,13,3,6,131,4,2,3,0,2,1,3,2,1,2,0,1,0,1,1,1
387,0,13,1,3,826,2,4,3,3,2,3,1,21,2,1,1,0,0,1,1,1
388,0,11,1,0,443,1,0,1,3,2,3,0,8,0,1,0,1,0,0,1,1
389,3,5,3,0,246,2,1,2,0,2,1,0,8,1,1,1,1,0,0,1,1
390,3,13,3,4,326,2,0,1,2,2,1,1,11,1,1,0,0,0,1,1,1
391,0,8,3,3,104,3,2,0,0,2,3,3,0,1,2,0,3,0,0,1,1
392,1,23,3,4,589,2,1,1,3,2,3,2,20,0,0,0,0,1,1,1,1
393,1,2,1,6,365,2,1,0,0,2,3,0,12,1,1,0,1,0,0,1,1
394,3,5,1,3,462,2,4,1,3,2,2,0,12,1,1,0,0,0,0,1,1
395,0,24,2,2,896,0,1,1,3,2,2,2,13,1,2,0,1,0,1,1,1
396,1,8,3,3,486,2,4,2,0,2,3,2,36,1,0,0,0,0,0,1,1
397,1,23,1,3,450,2,0,2,2,2,1,1,27,1,1,1,1,0,1,1,1
398,0,8,3,4,161,2,3,0,1,2,0,3,27,1,2,1,1,0,0,1,0
399,3,17,1,6,266,3,0,3,0,2,0,3,24,1,1,1,3,0,0,1,1
400,3,13,3,6,252,2,2,2,2,2,3,3,20,1,1,0,1,0,1,1,1
401,0,13,1,0,343,4,0,3,2,2,3,3,9,0,1,1,1,0,0,1,1
402,3,17,2,0,864,2,2,1,3,2,1,0,8,0,1,1,1,0,1,1,0
403,3,10,2,4,68,2,0,3,3,2,1,0,8,1,1,1,3,0,0,1,1
404,0,13,2,4,541,4,3,3,3,2,3,0,24,1,1,0,1,1,0,1,1
405,0,17,3,6,382,2,2,0,2,2,0,1,3,1,1,0,1,0,1,1,0
406,3,17,1,9,413,4,1,3,3,2,3,0,24,1,1,1,1,1,1,1,1
407,1,11,3,6,117,2,2,3,2,2,1,3,8,1,1,0,1,0,0,0,1
408,3,17,3,6,587,1,3,2,1,2,1,0,7,1,1,0,0,0,1,1,1
409,2,8,1,4,95,1,1,3,2,2,1,3,9,1,1,2,1,0,1,1,0
410,0,17,3,6,369,2,3,3,0,2,3,0,1,1,1,0,1,0,1,1,1
411,3,22,1,9,823,2,1,2,3,2,1,0,16,1,1,1,0,0,1,1,1
412,3,8,1,0,433,2,4,3,3,2,1,0,23,2,1,1,0,0,1,1,0
413,3,6,3,4,298,1,0,2,3,2,1,2,21,1,2,0,3,1,0,0,1
414,1,17,3,4,225,4,0,3,0,2,1,1,16,1,1,0,1,0,0,1,0
415,3,23,1,9,766,2,3,1,3,2,1,1,16,1,1,1,1,1,1,1,1
416,1,8,3,4,487,2,2,3,3,2,0,3,14,1,1,0,3,1,0,1,0
417,1,13,2,2,860,4,0,0,0,2,1,0,4,1,2,1,1,0,1,1,1
418,3,15,3,4,525,1,1,0,0,2,1,0,12,0,1,0,0,0,0,1,1
419,0,13,3,4,112,4,0,3,0,2,1,1,14,1,1,0,1,0,0,1,0
420,3,11,3,4,581,3,1,1,0,2,2,0,1,1,2,0,1,0,0,1,1
421,0,8,3,9,379,4,0,3,3,2,1,0,11,1,1,0,1,0,0,1,1
422,0,8,1,4,99,2,1,1,3,2,2,3,28,1,1,1,3,1,0,1,1
423,3,15,2,3,295,0,1,3,3,2,2,3,15,1,1,1,0,0,0,1,1
424,0,8,3,3,520,4,3,0,0,2,1,1,6,0,1,0,1,0,1,1,0
425,0,13,3,9,524,2,0,0,2,2,2,0,2,1,2,0,1,0,1,1,1
426,3,20,1,6,512,2,3,3,3,2,1,0,10,1,1,1,1,0,0,1,1
427,3,13,1,6,135,3,0,3,3,2,2,3,27,1,1,1,1,0,0,1,1
428,3,5,3,3,198,2,3,0,3,2,3,0,1,1,1,0,1,0,0,1,1
429,1,13,1,7,146,2,4,1,0,2,3,2,36,1,0,2,2,1,0,1,0
430,3,1,3,0,612,2,1,0,3,2,3,3,51,1,1,0,3,0,0,1,1
431,0,17,3,5,893,2,0,1,3,0,2,0,10,0,1,1,0,0,1,1,0
432,1,2,1,3,338,2,4,3,3,2,3,2,17,1,0,2,0,0,1,1,1
433,3,17,1,7,384,2,0,3,1,2,1,3,14,1,1,1,1,0,1,1,1
434,1,5,3,3,402,2,0,2,3,2,1,3,6,1,1,0,1,0,0,1,1
435,0,8,3,6,256,4,0,1,2,2,0,3,6,1,1,0,1,0,1,1,0
436,3,2,3,7,32,1,1,1,2,2,3,3,4,1,2,0,3,0,0,1,1
437,3,17,1,4,186,3,3,3,0,2,3,3,18,1,1,1,1,0,1,1,1
438,1,26,1,7,602,2,4,3,3,0,3,0,46,1,1,1,2,0,0,1,1
439,2,8,0,0,23,2,2,3,0,2,0,3,7,1,1,0,2,0,0,1,0
440,3,8,3,4,342,2,3,3,3,2,3,0,20,1,1,0,0,0,1,1,1
441,1,8,3,3,301,2,0,1,0,0,2,1,11,1,1,0,1,0,0,1,1
442,0,14,2,5,496,2,0,1,3,2,2,0,10,0,1,1,1,0,1,1,1
443,3,8,3,2,49,2,3,3,3,2,3,0,22,0,1,0,3,1,0,1,0
444,0,29,1,3,739,2,0,1,0,2,2,0,11,1,1,0,0,0,1,1,0
445,3,5,1,2,171,4,3,3,0,2,3,1,22,1,2,1,3,0,0,1,1
446,1,23,3,4,331,2,2,3,0,2,3,0,15,1,1,0,1,0,1,1,0
447,0,3,3,6,484,2,0,1,3,1,1,3,16,1,1,0,1,0,0,1,1
448,2,8,3,3,240,4,3,2,0,2,3,3,36,1,1,0,0,0,1,1,1
449,0,11,2,7,264,3,0,2,2,2,2,1,42,2,1,1,1,0,0,1,0
450,3,23,1,9,892,4,0,3,3,2,1,0,11,1,1,0,0,0,1,1,1
451,3,2,3,6,17,2,0,2,0,2,0,3,10,1,1,0,1,0,0,1,1
452,3,8,4,3,518,2,3,1,3,2,3,1,15,1,1,1,1,0,0,1,1
453,3,17,3,9,501,2,3,3,3,2,3,0,16,1,1,0,0,0,1,1,1
454,1,17,3,4,731,2,1,1,3,0,2,1,12,1,1,0,1,0,1,1,0
455,3,17,3,9,504,2,2,3,0,2,0,2,10,1,1,0,0,0,1,1,1
456,1,7,1,4,666,2,0,1,3,2,1,3,17,1,2,1,1,1,0,1,1
457,1,8,3,9,601,2,3,2,3,2,3,2,16,1,0,0,1,0,1,1,0
458,1,2,3,1,4,2,2,3,0,2,0,3,8,1,1,0,1,0,0,1,1
459,3,13,3,6,714,2,2,2,3,2,1,0,13,1,1,0,1,0,1,1,1
460,1,23,3,3,637,2,0,0,3,1,1,1,18,1,1,0,1,1,0,1,1
461,1,11,3,4,309,2,2,1,3,2,2,3,17,1,1,0,1,0,0,1,1
462,0,8,3,3,556,2,2,2,0,2,0,3,15,1,2,0,0,0,0,1,1
463,0,8,3,8,57,4,3,3,3,2,3,1,19,1,1,1,1,0,0,1,1
464,3,13,3,0,363,2,1,3,3,2,0,0,15,2,1,1,1,0,1,1,1
465,1,17,3,9,545,2,0,2,3,1,3,2,44,0,1,0,1,1,1,1,1
466,1,17,2,6,305,2,2,3,0,2,1,0,10,1,2,0,3,0,1,1,0
467,3,29,2,6,822,4,3,2,3,2,2,0,13,0,1,1,1,1,0,1,1
468,3,22,2,0,521,2,0,1,0,2,1,0,7,1,1,1,1,0,1,1,1
469,3,17,2,9,720,2,1,2,3,2,2,0,16,1,1,1,3,0,1,1,1
470,0,17,3,6,569,0,2,2,2,2,1,0,3,1,2,0,1,0,1,1,0
471,1,2,3,2,13,2,2,3,0,2,3,1,4,1,1,0,1,0,0,1,0
472,1,5,3,4,31,2,0,3,3,2,2,0,9,1,1,0,3,0,0,1,0
473,3,2,3,8,168,4,4,3,3,2,3,1,17,1,1,0,0,1,1,1,1
474,0,13,1,6,172,2,0,3,2,2,1,0,14,1,1,0,1,0,0,1,0
475,1,13,4,3,573,2,2,0,0,2,3,1,7,1,2,0,1,0,0,1,0
476,3,24,3,9,482,1,0,3,3,2,3,0,5,1,1,0,1,0,0,1,1
477,2,17,3,6,744,2,1,3,3,2,1,0,6,0,1,0,1,0,0,1,1
478,0,8,3,0,110,0,1,2,3,2,3,3,20,1,1,0,3,0,0,1,1
479,1,11,1,3,254,2,3,3,3,2,3,0,25,1,1,1,1,1,1,1,1
480,0,8,1,6,627,2,0,0,0,2,0,3,4,1,1,0,3,0,0,1,1
481,0,17,3,4,151,2,2,3,3,2,0,1,7,1,1,0,1,0,0,1,1
482,1,21,3,3,639,3,3,3,0,2,3,1,38,1,2,1,1,0,1,1,1
483,3,11,2,3,101,3,1,2,0,2,1,1,11,1,1,1,1,0,0,1,1
484,3,8,1,4,139,1,0,3,3,2,3,3,25,1,1,0,1,0,1,1,1
485,0,2,2,4,156,2,4,3,3,2,3,1,28,1,1,0,0,0,1,1,0
486,3,8,3,6,567,2,0,1,3,2,3,0,33,1,1,0,1,0,1,1,1
487,3,17,3,4,650,2,3,3,0,0,3,2,43,1,0,0,1,0,1,1,1
488,3,6,3,4,238,0,0,2,3,2,1,3,16,1,2,0,3,0,0,0,1
489,3,2,3,4,619,2,0,1,3,1,2,1,7,1,2,0,1,0,0,1,1
490,3,8,1,6,356,2,3,1,3,2,1,2,7,1,1,1,1,0,0,1,1
491,0,19,4,0,856,2,3,1,0,2,3,2,23,1,0,1,0,0,1,1,0
492,3,2,1,6,167,0,0,0,0,2,0,1,8,1,1,1,1,0,0,1,1
493,0,2,3,6,6,4,3,3,3,2,3,1,19,1,1,0,1,0,0,1,1
494,1,8,1,4,397,2,0,2,3,2,1,3,20,1,2,1,3,1,0,0,1
495,1,17,3,3,553,4,0,1,2,2,3,0,1,1,1,0,1,0,0,1,0
496,0,23,3,3,868,0,2,3,3,0,0,2,10,1,2,0,0,0,1,1,0
497,3,17,1,3,294,2,1,3,3,2,2,1,21,1,1,1,1,0,0,1,1
498,0,13,3,6,194,2,3,3,2,1,1,3,13,1,1,0,3,0,0,1,1
499,2,2,1,4,202,0,3,1,1,2,3,0,9,1,1,1,1,1,1,1,1
500,1,17,3,4,574,2,2,3,0,2,0,1,8,1,1,0,1,0,0,1,0
501,1,23,3,9,755,2,3,1,3,2,3,2,23,1,0,0,1,1,0,1,1
502,2,5,3,6,131,0,3,1,1,2,3,3,30,1,1,0,1,0,0,1,1
503,0,17,1,6,158,0,2,3,3,2,3,2,19,0,1,1,1,1,0,1,0
504,1,17,3,4,155,2,2,3,0,2,3,1,5,1,2,0,1,0,0,1,0
505,3,6,3,4,196,4,0,3,3,1,3,1,8,1,1,0,3,0,0,1,0
506,2,11,1,9,453,1,0,1,3,2,1,0,17,1,1,0,1,0,1,1,1
507,0,11,0,4,810,0,4,0,3,2,1,1,15,1,1,0,0,1,1,1,0
508,3,17,3,6,236,2,0,3,2,2,1,1,9,1,1,0,1,0,0,1,1
509,3,24,3,9,862,0,3,3,3,2,1,0,26,1,1,0,0,0,1,1,1
510,1,8,3,4,58,2,1,3,3,2,1,3,7,1,1,0,1,0,0,1,0
511,3,23,3,9,721,2,0,1,3,2,1,2,13,1,0,0,0,0,1,1,1
512,2,11,3,0,506,2,1,1,3,2,3,1,7,1,2,0,1,0,1,1,1
513,0,8,2,6,20,2,0,3,2,0,3,3,1,1,2,1,1,0,0,1,1
514,3,17,3,4,427,4,2,3,3,2,0,1,35,1,1,0,1,0,0,1,1
515,1,2,1,4,23,2,1,3,0,2,2,1,18,1,1,1,1,0,0,0,1
516,1,2,1,4,217,2,2,1,3,2,3,3,21,1,1,0,3,1,0,0,1
517,3,23,1,3,818,2,2,1,0,2,3,1,4,1,2,1,1,0,1,1,0
518,1,2,3,4,152,0,3,2,3,2,1,1,24,1,1,0,1,0,1,1,1
519,3,2,1,6,43,4,3,3,3,2,3,2,17,1,0,1,1,0,0,1,1
520,3,17,1,7,756,2,3,2,3,2,3,2,25,1,0,1,1,0,0,1,1
521,1,13,3,6,582,2,0,1,0,2,1,3,5,1,1,0,1,0,0,1,0
522,1,29,4,3,817,2,0,2,3,2,3,2,34,1,0,1,1,1,0,1,0
523,3,17,3,9,614,0,1,2,0,2,3,0,4,1,1,0,1,0,0,1,1
524,0,13,3,6,129,2,0,3,0,1,3,3,7,1,1,0,3,1,0,1,1
525,0,18,3,9,849,2,2,1,3,2,2,0,11,1,1,1,1,0,0,1,1
526,3,11,1,2,272,0,0,3,0,2,2,0,12,1,1,0,1,0,0,1,1
527,3,0,1,6,262,2,1,1,3,2,0,3,23,1,1,1,3,1,0,1,1
528,1,23,3,6,436,2,0,3,1,2,3,0,12,1,2,0,1,0,0,1,0
529,1,2,3,4,33,2,2,2,3,2,3,3,22,1,1,0,3,1,1,1,1
530,0,23,3,2,428,2,1,2,3,2,0,0,13,1,1,1,1,1,0,1,1
531,0,11,3,4,497,0,0,1,0,2,3,0,9,1,2,1,1,0,1,1,0
532,3,8,2,9,262,2,0,3,2,2,3,3,22,1,2,0,1,0,0,1,1
533,3,17,3,6,197,0,1,3,2,2,2,1,7,1,1,0,1,0,1,1,1
534,3,17,3,6,571,4,2,3,3,2,1,0,6,1,1,1,1,0,0,1,1
535,2,15,1,2,439,2,2,1,1,2,0,0,14,1,2,0,1,0,0,1,0
536,1,2,3,4,222,4,4,3,0,2,2,1,52,1,1,0,0,0,1,1,1
537,0,13,1,3,635,2,3,2,0,2,3,1,18,1,1,0,1,0,1,1,1
538,1,29,3,4,843,2,3,3,3,2,3,2,23,0,0,0,0,0,0,1,0
539,2,13,3,3,560,2,2,0,0,2,0,1,26,2,1,0,3,0,0,1,1
540,0,8,3,6,274,2,2,0,2,2,0,3,4,1,2,0,1,0,0,1,0
541,3,17,2,4,381,2,3,3,3,2,3,2,41,1,0,1,1,0,1,1,1
542,1,21,3,3,791,4,3,3,3,2,3,1,12,1,1,0,1,0,0,1,0
543,2,13,3,3,537,2,0,1,3,2,0,3,15,1,1,0,3,1,0,1,0
544,3,8,1,4,175,2,3,3,3,2,3,3,42,1,1,1,3,0,0,1,1
545,1,17,2,4,205,2,4,3,3,2,1,3,24,1,0,1,1,1,0,1,0
546,3,17,1,4,378,2,0,3,0,2,3,0,18,1,1,0,1,0,1,1,1
547,3,17,3,6,282,2,1,2,3,2,0,0,13,0,1,0,1,1,0,1,1
548,1,8,0,6,26,2,0,3,0,2,3,3,5,0,1,0,3,0,0,1,0
549,3,29,1,9,865,4,1,1,3,2,0,2,16,1,0,1,1,0,1,1,1
550,3,8,1,7,105,4,1,3,0,2,3,3,4,1,1,1,1,0,0,1,1
551,3,2,0,6,314,1,3,1,3,2,3,1,26,0,1,0,3,1,0,1,1
552,1,29,3,6,815,2,1,0,2,1,0,3,15,1,1,1,1,0,1,1,0
553,0,8,1,4,375,0,2,3,3,2,0,0,8,1,1,0,1,0,0,1,1
554,0,5,3,2,149,2,1,3,0,2,3,1,48,1,1,1,0,0,1,1,1
555,0,8,3,6,204,2,2,1,3,2,0,0,3,2,1,0,1,0,0,1,0
556,0,13,4,4,429,0,2,2,0,2,2,0,9,1,1,1,1,0,0,1,0
557,3,15,4,4,736,4,0,0,0,2,3,1,10,0,1,1,1,0,1,1,0
558,1,17,0,3,622,2,1,2,3,2,3,0,8,0,1,0,1,0,0,1,0
559,0,13,1,3,355,2,2,1,3,2,1,3,12,1,1,1,3,0,0,1,0
560,1,17,3,9,548,4,3,3,3,2,3,2,30,0,0,0,1,1,1,1,1
561,1,17,0,6,280,2,1,3,3,1,3,0,5,0,2,0,3,0,0,1,0
562,2,2,2,6,38,2,2,1,0,2,0,1,10,0,1,0,1,0,0,1,1
563,0,23,3,4,902,4,0,0,3,2,3,2,18,1,0,0,1,0,1,1,0
564,0,17,2,0,722,4,0,3,3,2,1,1,18,0,1,1,0,0,1,1,1
565,0,17,2,6,283,0,1,2,0,2,1,1,4,1,2,1,1,0,1,1,1
566,1,8,3,4,221,2,1,1,1,2,2,0,17,1,1,0,1,0,0,1,0
567,3,17,1,6,486,3,3,1,3,2,1,0,15,1,1,0,1,0,0,1,1
568,0,29,3,6,679,4,1,3,3,2,0,0,22,1,1,1,1,1,1,1,1
569,1,29,3,6,806,2,0,2,0,2,1,0,12,1,1,0,1,0,1,1,0
570,1,17,3,3,586,2,2,3,0,2,3,3,4,1,2,0,3,0,1,1,0
571,3,21,1,6,771,2,1,2,3,0,1,0,19,1,1,0,1,0,0,1,1
572,3,17,3,9,754,4,4,1,0,2,3,1,7,1,2,0,0,0,1,1,1
573,1,11,3,0,70,2,0,3,0,2,3,1,3,1,1,0,3,0,0,1,1
574,0,5,3,6,122,2,3,3,3,2,3,0,8,1,1,1,3,0,0,1,1
575,3,11,1,3,526,2,1,1,0,0,2,0,5,0,1,1,1,0,0,1,1
576,0,8,3,6,546,2,1,1,0,2,0,3,8,1,1,0,1,0,0,1,1
577,3,17,1,2,354,4,0,2,0,2,1,0,14,1,1,1,1,0,1,1,1
578,0,23,1,4,529,2,2,3,1,2,3,0,8,1,1,1,1,0,0,1,0
579,3,17,3,8,94,2,2,3,2,2,2,0,8,1,1,1,3,0,0,1,1
580,0,13,1,4,119,2,3,2,3,1,2,3,11,0,1,1,1,0,0,1,0
581,0,8,1,4,575,2,2,0,3,2,2,3,30,0,1,1,3,1,0,1,1
582,3,5,3,3,228,2,0,3,0,2,1,3,7,1,2,0,1,0,0,1,1
583,0,23,3,7,456,2,2,3,3,2,0,2,14,1,2,0,3,0,0,1,0
584,3,8,3,4,400,4,3,3,0,2,3,2,33,1,0,0,0,0,1,1,1
585,1,13,3,3,382,2,0,0,0,2,3,3,1,0,2,0,1,0,0,1,0
586,1,5,1,4,527,2,0,1,3,2,1,3,17,1,2,1,1,1,0,1,1
587,1,8,3,3,188,2,0,3,3,1,0,1,2,1,1,0,3,0,0,1,1
588,1,13,3,1,159,2,0,3,2,2,2,3,28,1,1,0,3,0,1,1,0
589,1,8,1,3,423,2,3,2,3,2,2,1,41,1,1,1,1,0,0,1,0
590,1,8,1,6,7,2,1,3,0,2,2,3,39,1,1,3,3,0,1,1,1
591,0,17,2,4,368,4,0,3,0,2,3,0,23,1,2,1,1,0,1,1,1
592,3,15,3,0,290,3,3,3,0,2,3,3,17,0,1,0,3,0,0,1,1
593,0,17,3,4,510,2,0,2,0,2,3,1,1,1,2,0,3,0,1,1,0
594,1,17,0,5,215,4,3,3,3,2,2,0,21,2,1,0,0,0,1,1,0
595,0,2,0,4,91,0,2,0,0,2,0,1,13,2,1,0,3,0,0,1,0
596,1,17,3,4,243,2,1,3,0,2,3,0,4,1,2,1,1,0,0,1,0
597,0,17,4,0,694,2,0,0,3,2,3,3,17,1,1,2,3,0,1,1,0
598,3,13,1,4,523,2,1,1,3,2,1,1,12,0,1,1,1,0,0,1,0
599,3,17,2,0,662,2,0,0,3,2,1,2,13,1,0,0,1,0,0,1,1
600,0,3,3,6,445,2,2,0,0,1,0,3,26,1,1,0,1,0,0,1,1
601,0,5,3,3,87,2,0,3,0,2,0,1,11,1,1,0,1,0,0,1,0
602,0,17,0,2,330,2,1,3,0,2,3,2,15,0,0,0,3,0,0,1,0
603,3,23,3,3,595,2,0,3,0,2,1,0,9,1,1,0,0,0,1,1,0
604,2,6,3,3,181,2,2,3,0,2,1,1,4,1,1,0,1,0,0,1,1
605,1,17,0,3,531,1,0,3,3,2,3,3,3,2,1,0,1,0,1,1,1
606,3,17,1,0,709,2,0,2,3,2,1,3,51,1,1,0,0,0,1,1,1
607,0,23,3,6,502,0,0,3,0,0,3,2,31,1,0,0,1,0,0,1,0
608,3,13,3,6,383,2,2,3,3,2,0,3,14,1,1,0,1,0,0,1,1
609,3,11,3,9,193,4,3,3,3,2,3,2,26,0,0,0,1,1,0,1,1
610,1,8,3,1,53,0,4,3,0,2,2,1,3,1,1,0,1,0,0,1,0
611,2,6,3,4,170,0,3,0,0,2,3,2,29,1,0,0,3,1,0,1,0
612,1,15,3,6,596,3,2,3,0,2,1,0,10,0,1,0,1,0,0,1,1
613,1,17,0,9,640,2,0,0,0,1,3,0,3,0,2,0,1,0,0,0,1
614,3,13,2,3,323,2,1,3,0,2,0,3,3,1,1,0,1,0,0,1,0
615,0,29,4,0,901,4,0,1,3,2,1,0,29,0,1,0,0,0,1,1,1
616,0,31,2,6,870,4,0,1,3,2,1,2,8,1,0,0,0,0,0,1,1
617,1,2,1,4,647,2,0,0,3,2,2,3,18,1,2,2,1,1,0,1,1
618,0,21,3,3,609,0,0,1,0,0,3,0,2,1,2,0,1,0,0,1,0
619,3,8,3,4,29,2,0,3,1,2,1,3,30,1,1,0,3,0,0,1,1
620,0,15,1,0,644,2,1,1,3,2,2,1,8,1,1,1,1,0,0,1,1
621,3,13,1,4,271,2,0,2,3,2,1,1,13,0,1,1,1,0,0,1,0
622,3,29,3,0,668,4,0,3,1,2,1,3,19,0,1,0,1,0,0,1,0
623,1,8,3,3,334,2,2,3,0,2,0,0,3,1,2,0,1,0,0,1,1
624,1,13,3,6,489,2,0,3,3,2,3,2,46,1,0,1,1,0,0,1,0
625,3,11,3,6,371,4,3,3,3,2,1,0,16,1,1,0,1,0,0,1,1
626,2,2,3,3,394,2,0,1,3,2,1,3,22,1,1,0,1,0,1,1,1
627,0,5,0,4,242,0,1,1,3,2,2,2,10,1,1,0,1,0,0,1,0
628,3,26,1,3,683,1,0,3,3,2,3,3,17,1,1,1,1,0,1,1,1
629,3,5,3,2,657,4,3,0,3,2,3,3,45,1,1,0,3,0,0,1,1
630,1,17,3,6,646,2,0,1,0,2,3,0,9,1,1,0,1,0,0,1,1
631,1,13,0,3,283,2,0,3,3,2,2,0,25,0,1,0,1,0,0,1,0
632,0,11,3,6,244,4,2,3,3,2,0,1,4,1,1,0,1,0,0,1,1
633,3,5,3,3,372,2,2,1,0,0,1,0,0,1,2,1,1,0,0,1,0
634,0,17,3,4,214,2,2,2,0,2,3,0,6,1,1,0,3,0,1,1,0
635,3,8,3,2,230,2,3,3,3,2,3,1,28,0,1,2,1,1,1,1,1
636,3,17,3,6,223,1,1,3,0,2,0,0,9,1,1,0,1,0,0,1,1
637,3,31,2,6,916,2,1,1,3,2,3,0,2,1,1,1,1,0,1,1,1
638,3,8,3,6,257,2,2,3,0,2,2,0,15,1,1,0,1,1,0,1,1
639,1,26,2,6,702,2,1,2,3,2,1,1,7,0,1,1,1,1,1,1,0
640,1,13,3,2,55,2,4,3,0,2,0,3,8,1,1,0,2,0,0,1,0
641,0,11,3,7,195,2,3,3,3,2,3,0,19,1,1,1,3,0,0,1,1
642,3,11,3,2,717,0,0,2,3,2,1,1,21,1,1,0,0,0,1,1,0
643,3,17,1,6,333,2,1,3,2,1,1,0,14,1,1,1,1,0,1,1,1
644,1,13,1,6,339,2,1,3,2,2,0,1,13,1,1,1,0,0,1,1,1
645,3,23,2,0,850,4,2,3,3,2,3,0,8,1,2,1,1,0,1,1,0
646,1,21,4,3,712,2,0,1,1,1,1,3,13,1,1,1,1,0,0,1,1
647,3,8,3,4,227,1,0,1,0,2,1,1,7,1,1,0,1,0,0,1,0
648,2,17,3,4,96,2,1,3,3,2,2,2,19,0,0,0,1,1,0,1,0
649,1,8,3,2,39,2,0,3,3,2,3,0,21,1,2,0,3,1,0,1,0
650,1,29,3,2,833,2,1,3,3,2,0,2,31,1,0,0,0,0,1,1,1
651,0,8,3,3,351,2,0,3,3,2,1,1,18,1,1,0,3,0,0,1,0
652,1,17,3,4,437,2,3,3,3,0,0,3,26,1,1,0,1,0,0,1,0
653,0,23,2,4,853,0,3,1,3,2,3,0,23,1,1,3,0,0,1,1,0
654,3,17,1,9,449,2,1,3,3,2,2,0,16,1,1,1,1,0,1,1,1
655,1,10,3,4,677,2,4,0,3,2,3,2,3,1,0,0,1,0,0,1,1
656,0,8,3,4,80,2,3,3,3,2,3,0,22,0,1,0,3,1,0,1,0
657,3,29,3,6,883,4,1,3,3,2,2,0,18,2,1,0,1,0,1,1,1
658,0,21,4,0,693,2,0,1,0,2,0,0,9,1,1,1,1,0,0,1,1
659,0,13,1,3,792,2,3,1,3,2,0,2,22,1,1,0,1,0,1,1,1
660,2,8,3,6,191,2,0,2,2,2,3,3,4,1,2,0,1,0,0,1,1
661,1,8,3,4,82,4,0,3,2,2,1,0,4,1,1,0,1,0,0,1,0
662,3,15,3,3,422,2,3,3,3,2,1,3,31,1,1,1,1,0,0,1,1
663,0,2,2,3,116,2,4,3,3,2,0,1,16,2,1,1,0,0,1,1,1
664,2,2,1,2,113,2,0,1,0,2,3,1,31,1,1,0,3,0,0,1,1
665,3,17,1,5,789,2,4,3,3,0,1,2,8,0,1,1,0,0,1,1,1
666,0,21,0,3,615,3,0,3,3,2,1,0,15,2,1,0,1,1,1,1,1
667,3,29,0,0,634,2,0,0,0,2,0,3,8,2,1,0,1,0,0,1,1
668,1,8,1,4,732,2,3,2,3,0,3,1,24,1,2,1,1,0,1,1,0
669,2,21,1,6,556,2,3,3,3,2,3,1,28,1,1,0,1,0,0,1,1
670,3,17,1,0,687,0,0,2,3,2,2,1,8,1,1,1,3,0,1,1,1
671,3,23,3,0,760,0,1,1,3,2,1,0,12,1,1,1,1,0,1,1,1
672,3,31,3,4,885,2,3,1,3,2,3,1,23,1,1,0,0,0,1,1,1
673,3,2,1,4,389,1,0,0,2,2,1,0,5,1,1,0,1,0,0,1,1
674,3,15,2,0,488,1,2,3,3,2,1,3,22,0,1,0,3,1,0,1,0
675,3,21,1,6,710,2,1,3,0,2,3,0,7,1,2,0,0,0,1,1,1
676,3,17,1,3,743,2,3,3,3,2,3,0,14,1,1,0,1,0,1,1,1
677,0,32,3,6,758,0,0,1,2,2,1,0,5,1,1,0,1,0,0,1,0
678,1,17,3,6,456,2,3,3,3,2,3,3,45,0,2,0,3,0,0,1,1
679,3,13,3,6,247,2,2,2,0,2,0,3,7,1,1,0,1,0,0,1,1
680,3,2,3,2,276,2,2,0,0,2,1,2,37,1,1,0,1,0,0,1,1
681,3,8,3,6,430,4,0,3,3,2,3,2,18,1,0,0,1,0,1,1,1
682,3,11,2,6,254,2,0,3,2,2,2,3,14,0,1,1,1,0,0,1,1
683,3,17,1,6,740,2,2,2,2,2,2,2,28,1,0,2,1,0,1,1,1
684,0,23,2,0,879,0,1,0,3,2,2,1,12,1,1,1,3,1,1,1,1
685,3,31,3,4,798,4,0,3,3,2,3,2,15,1,0,0,1,1,1,1,1
686,2,6,1,6,212,4,1,3,3,2,1,1,8,1,1,1,1,0,1,1,1
687,0,23,2,4,536,0,3,3,3,2,2,2,11,1,0,0,1,0,0,1,1
688,3,5,3,6,517,0,3,2,3,0,3,0,16,1,1,0,1,0,1,1,1
689,1,8,3,4,643,3,0,0,3,2,2,1,12,1,1,0,1,1,0,1,1
690,1,11,1,3,102,2,0,1,1,2,2,1,6,1,1,1,1,0,0,1,1
691,0,11,3,7,497,0,0,2,0,2,1,3,6,1,1,0,3,0,0,1,1
692,0,17,3,6,540,0,2,1,3,2,0,0,10,1,1,0,1,0,0,1,1
693,1,2,1,4,723,4,2,0,3,2,2,3,25,1,1,1,3,1,0,1,1
694,3,17,3,6,431,2,1,3,3,2,1,0,9,1,1,0,1,0,1,1,1
695,3,2,3,9,166,1,0,1,3,2,3,1,31,1,2,0,1,0,0,1,1
696,0,8,3,6,126,2,1,3,3,1,2,3,10,1,1,1,1,0,0,0,1
697,3,8,1,4,88,2,4,0,0,2,1,1,19,1,1,0,2,0,0,1,1
698,3,13,1,6,321,2,0,3,3,2,1,0,5,1,1,1,1,0,0,1,1
699,2,11,3,2,347,2,3,3,3,2,3,0,21,1,2,0,0,0,1,1,1
700,3,8,3,3,130,1,0,3,0,2,3,0,10,1,2,0,3,0,0,1,0
701,1,29,1,9,790,2,3,3,3,2,3,2,27,1,0,1,1,0,1,1,0
702,2,17,3,6,224,0,3,3,0,2,1,2,28,1,0,0,1,0,1,1,1
703,0,21,2,0,474,0,3,3,3,2,1,1,22,2,1,1,1,0,0,1,1
704,0,19,3,0,480,2,2,3,0,2,0,1,13,1,1,0,1,1,1,1,1
705,3,11,3,4,751,1,3,0,0,2,3,2,16,1,0,0,1,0,0,1,1
706,0,29,3,4,799,0,1,2,3,2,1,1,5,1,1,0,1,0,0,1,0
707,0,8,4,3,549,2,2,3,0,2,2,1,6,1,2,1,1,0,0,1,0
708,0,5,3,6,154,2,3,3,0,2,3,3,6,1,1,0,1,0,0,1,1
709,0,5,3,6,395,2,0,1,3,2,1,3,18,1,1,0,3,1,0,1,1
710,3,13,1,6,27,1,3,3,3,2,2,1,13,0,1,1,0,0,1,1,1
711,1,2,0,2,148,2,3,3,0,2,3,2,16,1,0,0,1,0,0,1,0
712,3,15,3,9,472,4,3,3,3,2,3,3,27,1,1,0,0,0,1,1,1
713,1,5,1,6,134,2,0,3,3,2,3,3,6,1,1,1,3,0,0,1,1
714,0,31,3,4,909,2,1,3,3,2,1,2,8,1,1,0,0,0,1,1,0
715,3,21,1,9,837,4,3,0,3,2,3,0,44,1,1,1,1,0,0,1,1
716,3,21,1,6,567,4,3,2,3,2,1,0,21,1,1,1,1,1,1,1,1
717,3,13,3,6,263,2,0,3,3,2,1,2,13,1,0,0,0,0,1,1,1
718,2,17,1,6,576,4,0,2,3,2,1,0,12,1,1,1,1,0,1,1,1
719,0,14,4,9,778,0,3,2,2,2,3,0,12,0,1,1,1,0,1,1,1
720,2,5,4,6,206,2,2,3,3,2,1,0,15,1,1,1,0,0,1,1,0
721,0,2,0,2,12,3,2,3,0,2,1,1,5,0,2,0,1,1,0,1,0
722,1,8,3,4,164,2,0,3,0,2,1,3,5,1,1,0,3,0,0,1,0
723,0,5,3,6,65,1,0,3,0,2,2,3,47,1,1,0,3,0,0,1,1
724,3,19,3,4,483,2,0,2,0,2,2,3,2,1,2,0,1,0,0,1,0
725,3,2,1,4,0,3,0,1,0,2,1,3,22,0,1,1,3,0,0,1,1
726,3,11,1,6,199,1,0,1,2,2,1,1,28,1,1,1,3,0,0,1,1
727,1,13,3,6,341,2,0,3,0,2,3,0,6,0,2,1,1,0,0,1,0
728,0,29,0,0,794,2,3,3,0,2,2,2,40,1,2,0,1,0,0,1,0
729,2,17,1,0,181,3,0,1,1,2,3,3,17,1,1,1,1,0,1,1,1
730,0,17,2,6,793,2,2,0,3,2,1,0,14,1,1,0,1,0,0,1,1
731,1,17,3,6,374,2,0,1,3,2,3,3,2,1,2,0,3,1,0,1,0
732,0,4,3,6,59,2,1,3,0,1,1,3,25,1,1,0,3,0,0,1,1
733,3,17,3,9,490,3,0,1,0,2,3,0,9,1,2,0,1,0,1,1,1
734,3,0,1,4,599,2,1,0,0,2,0,3,18,1,1,0,1,1,0,1,1
735,0,23,0,1,680,4,2,2,0,2,1,2,10,0,1,0,2,0,0,1,1
736,0,17,3,9,894,2,0,0,0,2,3,0,4,1,2,1,0,0,0,1,0
737,1,13,3,4,703,0,0,2,3,2,3,0,16,1,1,0,3,1,1,1,1
738,3,2,1,4,807,2,1,0,3,2,2,2,26,1,1,1,0,1,1,1,1
739,0,21,4,0,697,0,0,3,0,2,3,0,7,1,2,1,3,0,0,1,0
740,1,17,0,4,442,0,1,1,3,2,2,0,13,0,1,0,1,0,0,1,1
741,0,6,0,6,114,2,0,3,3,2,3,3,4,2,1,0,3,0,0,1,1
742,3,15,3,6,578,4,3,3,3,2,2,1,22,1,1,0,1,0,1,1,1
743,1,17,0,3,473,1,0,3,3,2,3,3,3,2,1,0,1,0,1,1,1
744,1,24,1,3,910,4,1,3,3,2,3,1,11,1,1,1,0,0,1,1,1
745,1,9,1,0,320,2,2,2,3,2,0,1,9,0,1,1,3,0,0,1,1
746,1,11,3,4,476,2,4,0,0,2,3,0,4,1,2,0,1,0,0,1,1
747,1,8,3,4,180,2,2,2,0,2,0,3,18,1,1,0,3,0,0,1,0
748,3,15,3,9,748,4,0,0,3,2,2,0,7,1,1,0,1,0,0,1,1
749,3,11,3,9,558,2,1,1,3,2,1,0,14,1,1,0,1,0,0,1,1
750,1,2,3,3,11,2,3,1,0,2,0,1,30,0,1,0,1,0,1,1,1
751,1,13,3,4,103,2,2,0,0,2,1,0,4,1,1,0,3,0,0,1,0
752,0,8,3,0,72,0,1,1,0,2,3,3,4,1,2,0,3,0,0,1,1
753,3,21,1,6,762,2,1,3,0,2,1,0,6,1,1,1,1,0,0,1,1
754,3,8,2,7,285,3,3,3,3,2,3,2,36,1,0,1,1,1,0,1,0
755,1,17,3,4,185,4,1,3,0,2,3,2,13,1,2,0,1,0,0,1,0
756,2,2,1,4,192,2,0,0,3,2,0,3,51,1,1,2,2,1,0,0,1
757,2,11,1,6,179,4,0,2,3,2,3,2,20,1,0,1,1,0,1,1,0
758,3,17,3,4,230,2,0,1,3,1,1,3,12,1,1,0,1,0,1,1,1
759,1,8,1,4,41,2,3,3,3,2,2,1,16,1,1,1,1,0,0,1,0
760,3,11,1,4,737,4,3,0,0,2,3,0,40,1,1,0,1,0,1,1,1
761,1,13,1,3,398,2,0,3,0,2,3,3,5,1,2,1,1,0,0,1,0
762,1,8,3,6,416,2,0,3,3,2,2,1,5,1,1,0,3,0,0,1,1
763,3,15,1,4,905,4,3,3,3,2,3,2,11,1,0,0,0,0,1,1,0
764,3,17,1,4,470,0,1,3,2,2,2,1,8,1,1,1,1,0,1,1,1
765,0,8,3,6,137,2,3,2,2,1,2,3,21,0,1,1,3,0,0,1,1
766,1,21,3,3,572,2,2,1,1,2,3,1,12,1,1,0,3,0,0,1,0
767,3,6,3,9,542,4,2,0,0,2,3,3,12,1,2,0,1,0,0,1,1
768,0,8,1,3,636,2,3,0,3,2,3,0,9,1,2,2,1,0,1,1,1
769,3,8,1,6,303,2,3,1,3,2,3,3,44,1,1,1,3,0,1,1,1
770,1,17,3,9,528,4,3,1,0,2,3,3,7,1,2,0,1,0,0,1,1
771,1,23,1,2,851,2,0,2,0,2,1,2,6,1,1,1,0,0,1,1,0
772,3,15,1,9,590,2,3,0,3,2,3,0,17,1,1,0,0,0,1,1,1
773,3,17,1,6,418,0,3,3,3,2,3,1,33,0,1,1,1,0,0,1,1
774,2,8,1,4,255,1,4,1,3,2,3,2,47,0,0,2,2,0,0,1,1
775,1,17,3,4,220,4,0,3,0,2,3,3,6,1,2,0,1,0,0,1,0
776,3,23,1,4,621,2,1,3,3,2,3,0,18,1,1,1,1,0,1,1,1
777,1,13,3,6,617,2,1,3,0,1,0,3,6,1,1,0,1,0,0,1,1
778,3,23,1,9,759,3,3,3,3,2,1,0,19,1,1,1,0,0,1,1,1
779,0,13,3,7,664,2,4,1,0,2,3,0,48,1,1,0,1,0,1,1,1
780,0,24,1,6,735,2,1,1,3,1,1,3,6,1,1,1,1,0,0,1,0
781,3,17,1,4,360,3,3,3,3,2,3,3,41,1,1,0,1,0,1,1,1
782,0,8,4,8,234,2,0,1,3,2,1,3,12,1,1,0,3,0,1,1,1
783,0,8,3,4,71,0,2,3,0,2,1,1,4,0,1,0,3,0,0,1,0
784,0,14,3,9,797,4,4,0,1,2,3,3,41,1,1,0,0,0,1,1,1
785,0,13,3,0,361,3,0,3,3,2,1,1,16,1,1,0,3,0,1,1,1
786,3,16,3,6,503,1,3,2,3,2,3,0,21,1,1,0,1,0,0,1,1
787,3,29,1,9,516,4,3,3,3,2,2,0,19,1,1,1,1,1,1,1,1
788,0,29,2,2,782,2,3,3,3,2,3,2,31,1,0,0,1,0,0,1,0
789,1,25,1,2,773,2,0,3,3,2,2,2,8,0,1,0,1,0,1,1,0
790,0,15,3,0,145,2,3,1,0,2,3,1,20,1,1,0,1,1,0,1,0
791,3,17,3,9,788,4,3,2,3,2,3,0,22,1,1,0,0,1,1,1,1
792,3,2,1,3,160,4,0,0,2,2,1,1,8,1,1,1,1,0,0,1,1
793,2,17,3,3,539,2,3,2,1,2,3,2,32,1,0,0,1,0,0,1,1
794,3,17,3,3,564,1,3,3,3,2,2,2,13,1,2,0,1,0,1,1,1
795,3,5,3,3,435,0,2,1,0,2,3,1,3,1,2,0,1,0,0,1,1
796,1,13,3,9,835,4,3,0,3,2,3,1,32,1,0,0,1,1,1,1,0
797,3,8,1,3,176,2,2,1,0,2,3,1,3,1,2,1,3,0,0,1,1
798,3,17,2,4,48,4,3,3,2,2,3,0,35,1,1,1,1,0,1,1,1
799,0,5,3,4,281,4,2,3,3,2,1,3,16,1,1,0,2,0,0,1,1
800,3,17,1,2,298,2,3,3,3,2,3,2,35,1,0,1,1,1,0,1,1
801,0,13,1,6,319,2,3,2,0,1,3,3,29,0,2,1,3,0,1,1,1
802,1,14,1,3,696,2,3,0,0,2,3,1,5,1,1,1,1,0,0,1,1
803,3,8,1,6,103,4,3,3,3,2,3,0,16,1,1,1,1,0,0,1,1
804,0,8,3,4,832,4,4,0,0,2,1,3,5,1,2,0,2,0,0,1,1
805,1,23,3,4,871,2,1,1,3,2,0,0,5,1,1,0,1,0,1,1,0
806,0,2,3,6,21,2,2,2,2,2,2,3,7,1,1,0,3,0,0,0,1
807,3,8,1,6,90,4,3,3,3,2,3,3,46,1,1,3,1,0,0,1,1
808,0,26,0,9,873,2,4,0,3,2,1,2,36,0,0,0,0,0,1,1,1
809,0,11,4,4,318,2,2,1,0,2,0,3,7,1,2,1,2,0,0,1,0
810,0,4,3,0,84,2,2,2,2,2,1,3,7,1,1,0,1,0,1,1,1
811,0,2,3,6,16,2,1,2,2,1,2,3,9,0,1,0,3,0,0,1,1
812,1,23,1,9,878,2,1,3,3,2,3,0,5,1,1,1,1,0,1,1,0
813,1,29,3,1,561,2,0,2,3,2,3,0,35,1,1,0,1,0,0,1,0
814,1,29,3,4,670,2,1,3,3,2,3,2,27,1,0,0,1,1,0,1,0
815,0,23,2,4,831,2,0,1,0,2,1,1,35,1,2,0,1,0,0,1,1
816,3,2,3,1,207,1,0,0,1,2,3,3,43,1,1,0,1,0,0,1,1
817,3,2,1,6,284,2,1,0,0,2,1,0,5,1,2,1,1,0,1,1,1
818,1,23,3,5,918,2,4,1,1,0,2,0,24,1,1,0,0,0,0,1,1
819,1,13,3,6,210,2,0,3,2,2,2,3,7,0,1,0,1,0,0,1,0
820,3,8,3,4,125,2,0,2,2,2,1,3,8,1,1,1,1,0,1,1,1
821,2,8,3,6,555,2,0,2,2,2,0,0,5,1,1,0,1,0,0,1,1
822,1,23,3,3,509,2,3,1,3,2,1,1,22,0,1,0,1,1,0,1,0
823,1,4,1,4,52,2,3,3,3,2,3,3,28,1,1,1,3,0,0,1,1
824,3,13,1,3,654,2,2,2,1,2,1,0,16,1,1,1,0,0,1,1,1
825,1,15,1,4,299,2,3,3,2,2,2,0,11,1,1,1,1,0,1,1,1
826,1,13,1,4,675,2,3,0,0,2,3,3,14,0,2,2,1,0,1,1,0
827,3,13,4,0,690,2,0,1,3,2,1,0,17,2,1,1,1,1,0,1,0
828,1,23,3,9,857,4,3,2,3,2,3,2,28,1,0,0,1,0,0,1,0
829,0,29,2,0,804,4,0,3,3,2,3,2,19,1,0,0,1,1,1,1,1
830,3,17,2,0,455,1,0,3,3,2,1,0,25,1,1,1,1,1,1,1,1
831,1,13,3,4,158,2,2,3,0,2,2,0,4,1,2,0,1,0,1,1,0
832,1,27,4,0,897,2,3,1,3,2,3,0,10,1,2,1,1,0,0,1,0
833,0,17,3,6,738,4,3,1,0,2,3,0,23,1,1,0,1,0,1,1,1
834,2,11,3,6,444,2,2,1,0,2,2,3,6,1,1,0,3,0,0,1,0
835,1,8,4,4,122,2,0,3,3,2,3,0,29,0,1,1,1,0,0,1,0
836,3,8,3,6,79,4,0,3,0,2,1,0,2,1,1,0,1,0,0,1,1
837,3,0,3,3,22,2,2,0,0,2,2,3,4,1,2,0,3,1,0,1,1
838,1,17,1,9,547,2,3,3,3,2,3,1,44,1,1,1,1,0,1,1,1
839,3,17,1,6,492,2,3,3,2,0,2,3,27,1,1,1,1,0,0,1,1
840,1,23,3,3,745,2,1,3,3,2,1,1,10,1,1,0,1,0,0,1,0
841,3,15,2,9,552,2,0,2,3,2,1,3,9,2,1,1,3,0,0,1,1
842,3,13,3,7,362,2,2,3,0,2,3,3,4,1,1,0,1,0,0,1,0
843,3,17,0,0,286,2,1,3,3,2,3,0,31,0,1,0,1,0,1,1,1
844,3,13,3,3,607,2,3,3,3,2,3,1,28,0,1,2,1,1,1,1,1
845,0,15,3,3,678,4,1,1,3,2,2,0,16,1,1,0,1,0,1,1,1
846,3,13,3,4,807,4,0,1,3,2,3,0,49,1,2,1,1,0,0,1,0
847,3,17,3,4,174,2,2,3,2,2,1,3,9,1,1,0,1,0,0,1,1
848,1,5,3,6,218,2,1,2,3,2,3,3,40,1,1,0,1,0,0,1,1
849,1,8,3,6,47,2,3,3,3,2,3,3,38,2,1,0,3,0,0,1,0
850,1,14,1,4,420,2,0,3,2,1,1,1,14,0,2,1,1,0,0,0,0
851,3,17,1,9,683,4,1,2,3,2,3,1,24,1,1,1,1,0,1,1,1
852,3,11,1,6,251,2,0,3,3,2,3,2,16,1,0,1,1,0,1,1,1
853,1,13,0,4,243,2,1,3,3,2,3,2,13,1,0,1,3,1,0,1,0
854,3,23,2,4,889,2,3,1,3,2,1,0,26,1,1,1,1,1,1,1,1
855,3,17,3,4,253,0,2,3,2,2,2,3,14,1,1,0,1,0,1,1,1
856,3,6,3,8,81,4,1,3,0,2,2,1,21,1,1,0,1,0,1,1,1
857,3,11,1,3,593,2,0,3,3,2,1,2,9,1,0,0,1,0,1,1,1
858,1,11,3,4,673,2,0,2,0,2,1,1,10,1,1,0,1,0,1,1,0
859,3,5,3,4,628,0,0,0,3,1,1,3,7,1,2,0,1,1,0,0,1
860,3,17,1,9,765,3,0,3,3,2,1,3,8,1,1,1,1,0,0,1,1
861,3,13,2,0,409,2,0,3,2,2,1,0,9,1,1,0,1,0,1,1,0
862,1,17,3,6,466,2,2,3,0,2,3,3,16,1,1,0,1,0,1,1,0
863,3,19,1,3,709,3,2,3,3,2,1,3,13,2,1,1,3,1,1,1,1
864,3,6,3,3,414,2,0,1,3,2,1,3,6,0,2,0,3,0,0,1,0
865,3,11,3,3,417,1,0,1,0,2,3,0,1,1,2,0,1,0,0,1,1
866,1,13,3,6,457,2,2,3,0,2,0,0,8,2,1,0,1,0,0,1,1
867,3,8,1,3,591,2,3,1,3,2,3,1,23,2,1,0,1,0,0,1,1
868,3,23,3,0,829,4,3,2,3,2,1,1,18,1,1,1,1,0,0,1,1
869,1,8,3,3,30,2,3,3,0,2,3,1,5,1,2,0,1,0,0,1,1
870,3,23,2,3,839,1,1,1,0,2,3,0,21,1,1,1,1,0,1,1,1
871,2,2,1,4,208,2,3,0,3,2,3,3,27,1,1,1,1,1,0,0,1
872,1,17,1,0,226,0,1,3,3,2,0,3,7,1,1,1,1,0,1,1,1
873,3,11,3,1,76,4,2,3,0,2,0,3,5,1,1,0,1,0,0,1,1
874,1,8,3,3,630,2,0,1,3,0,1,1,10,1,1,0,3,1,0,1,1
875,0,7,1,4,201,3,0,3,0,2,3,0,21,1,1,1,1,0,0,1,1
876,1,13,0,6,360,2,2,2,3,0,3,2,17,0,0,0,0,0,1,1,1
877,3,23,3,6,632,2,3,3,3,2,1,0,9,1,1,0,1,0,0,1,1
878,1,5,3,4,239,2,2,2,3,2,1,2,8,1,0,0,0,0,1,1,0
879,3,21,1,6,805,4,1,1,3,2,2,1,17,1,1,1,1,0,0,1,1
880,3,17,3,9,844,2,1,2,3,2,2,0,19,1,1,0,0,0,1,1,1
881,3,17,3,9,872,4,0,1,1,2,3,2,29,1,0,0,1,0,1,1,1
882,0,21,1,4,411,4,3,3,3,2,3,3,17,1,1,1,1,0,0,1,1
883,3,13,1,6,124,2,4,3,0,2,3,0,46,1,1,1,2,0,0,1,1
884,0,17,3,3,684,2,1,2,1,2,2,0,24,1,1,0,1,0,1,1,0
885,1,8,3,2,66,2,2,3,0,2,3,1,34,1,1,0,1,0,0,1,0
886,0,17,1,0,530,4,1,3,3,2,2,2,15,1,1,1,1,1,1,1,1
887,0,29,3,0,917,2,0,1,3,2,1,0,4,1,1,0,1,0,1,1,0
888,3,23,1,4,802,2,3,3,3,2,3,0,15,1,1,1,0,0,1,1,1
889,3,20,0,9,845,4,2,2,3,1,3,3,21,0,2,1,1,1,1,1,1
890,1,19,1,0,467,2,3,3,3,2,3,0,24,2,1,3,0,1,1,1,1
891,3,11,1,6,328,2,3,3,3,2,3,0,27,1,1,1,1,0,1,1,1
892,1,8,1,4,410,2,0,3,3,2,3,1,19,0,1,1,3,0,0,0,1
893,0,23,1,9,763,2,0,2,3,2,3,0,15,1,1,1,1,0,1,1,1
894,3,13,1,6,142,4,0,3,3,2,2,1,10,1,1,1,1,0,1,1,1
895,3,23,2,9,866,4,1,2,3,2,1,0,12,2,1,0,0,1,1,1,1
896,1,15,3,6,491,2,2,3,0,2,3,1,9,1,2,0,0,0,1,1,1
897,3,8,1,3,296,3,1,2,0,2,1,1,16,1,1,0,1,0,0,0,1
898,3,11,3,3,412,4,1,0,0,2,3,3,14,0,2,0,3,0,0,1,1
899,1,13,3,3,689,2,0,1,3,0,2,0,23,1,1,0,1,0,0,1,0
900,1,12,1,4,495,2,3,1,3,1,3,1,24,0,2,0,1,0,1,1,0
901,3,14,1,4,613,4,2,1,1,2,3,3,25,1,1,1,1,0,1,1,1
902,3,23,1,9,886,4,3,1,3,2,3,2,23,1,0,1,1,0,0,1,1
903,3,11,3,6,227,4,0,3,2,2,1,3,21,1,2,0,1,0,1,1,1
904,3,17,3,6,182,2,3,3,3,2,0,3,17,1,1,0,0,0,1,1,1
905,1,8,3,6,127,2,0,1,3,2,1,3,1,1,2,0,0,1,1,1,1
906,1,15,3,4,652,4,1,1,3,0,1,3,5,1,1,0,3,0,0,0,1
907,0,23,3,2,648,4,0,1,2,2,1,0,8,1,1,0,1,0,0,1,1
908,3,11,2,9,631,2,2,0,0,2,1,1,27,1,1,1,3,0,0,1,1
909,0,5,3,4,583,4,0,0,0,2,1,3,14,1,1,0,3,0,0,1,1
910,3,23,2,6,705,2,0,3,0,2,3,3,15,1,1,1,1,0,0,1,1
911,0,17,1,3,724,2,2,1,0,2,3,0,6,0,1,0,3,0,0,1,0
912,0,21,3,6,551,4,3,1,0,2,3,0,6,1,1,0,1,0,0,1,1
913,3,7,3,0,404,3,3,0,1,2,1,3,9,1,1,0,1,0,1,1,1
914,1,17,0,0,579,2,0,3,3,2,1,1,12,1,2,0,1,0,1,1,0
915,0,29,4,5,920,2,0,0,0,2,1,1,13,0,1,0,0,0,1,0,0
916,3,6,3,9,534,0,0,0,3,0,1,3,13,1,1,0,1,1,0,1,1
917,1,2,3,4,915,2,3,0,3,2,3,2,49,0,1,0,0,0,1,1,0
918,1,17,3,3,452,0,4,0,1,2,0,1,14,1,1,0,1,0,0,1,0
919,1,17,3,3,594,2,3,3,3,2,1,1,20,1,2,0,0,0,1,1,0
920,3,13,1,3,324,2,0,3,0,2,1,2,9,1,1,1,1,0,0,1,1
921,3,29,2,6,906,1,1,3,3,2,0,0,18,1,1,0,0,0,1,1,1
922,1,5,3,6,219,2,2,2,0,2,3,1,3,1,2,0,1,0,0,1,0
923,0,8,3,4,376,2,1,2,3,2,3,1,11,1,2,0,1,1,1,1,1
924,1,17,0,3,811,2,2,1,1,2,0,1,36,0,1,0,1,0,1,1,0
925,1,8,0,4,42,2,2,3,3,2,1,0,27,0,1,1,1,0,1,1,0
926,1,13,1,3,115,2,2,3,0,2,3,1,2,1,2,0,1,0,0,1,1
927,1,29,3,9,884,2,1,3,3,2,3,2,20,2,0,2,1,1,1,1,0
928,3,21,3,6,337,4,3,3,3,2,3,0,39,1,1,0,1,0,1,1,1
929,1,8,2,4,209,2,0,3,3,2,1,3,24,1,1,1,3,1,0,1,1
930,1,17,3,3,313,2,2,3,3,0,0,1,5,1,1,0,3,0,0,0,1
931,0,5,3,6,306,2,2,3,0,2,1,0,3,1,1,0,1,0,1,1,0
932,3,5,1,4,162,2,0,2,3,2,0,3,11,1,1,1,1,0,0,1,1
933,3,8,1,6,18,1,3,3,3,2,3,1,23,1,1,1,1,1,1,1,1
934,1,8,3,6,260,2,0,3,0,2,0,0,4,0,1,0,1,0,0,1,1
935,0,21,2,6,350,0,2,3,3,2,2,2,11,2,1,1,0,0,0,1,0
936,2,5,3,6,54,2,0,2,0,2,1,3,9,1,1,0,3,0,0,1,0
937,0,2,3,6,385,2,2,3,2,2,2,0,11,1,2,0,0,0,1,1,1
938,0,31,3,2,785,2,0,3,3,2,3,2,23,1,0,0,1,0,0,1,0
939,3,17,1,9,809,4,0,1,3,2,3,1,27,1,1,1,0,1,1,1,1
940,3,8,3,4,620,4,2,1,3,2,2,1,26,1,1,0,0,1,1,1,1
941,3,6,3,4,280,2,0,2,3,2,1,3,12,1,1,0,3,1,0,0,1
942,3,17,3,3,89,4,1,3,3,2,1,0,12,2,1,0,1,0,1,1,1
943,3,0,1,4,248,2,1,1,3,2,0,3,23,1,1,2,3,1,0,1,1
944,1,11,3,3,332,2,2,3,0,1,0,1,27,1,2,0,1,0,0,1,1
945,0,29,4,4,858,1,2,0,0,2,0,0,11,1,1,1,1,0,0,1,1
946,1,17,0,3,595,1,2,3,3,2,3,2,11,1,0,0,1,1,1,1,0
947,3,8,3,4,535,4,4,3,3,2,3,2,19,1,1,0,0,0,1,1,1
948,3,13,3,3,273,2,2,3,2,0,0,1,24,1,1,0,3,1,0,1,0
949,3,17,3,6,638,0,3,1,3,2,3,0,12,1,1,1,1,0,0,1,0
950,0,13,1,0,630,2,4,2,2,2,2,0,21,1,1,2,2,1,1,1,1
951,1,23,2,0,405,2,1,1,3,2,0,0,5,1,1,1,1,0,1,1,0
952,0,17,3,9,686,1,2,2,0,2,3,0,9,1,2,0,1,0,0,1,0
953,3,23,3,3,891,2,4,3,0,2,1,0,7,1,1,1,0,0,1,1,0
954,1,8,3,4,344,2,0,3,0,1,3,1,10,1,1,0,1,0,1,1,1
955,1,17,1,6,165,3,3,3,0,2,3,1,38,1,2,1,0,0,1,1,1
956,2,21,1,6,645,4,3,3,3,2,3,1,30,2,1,1,3,0,0,1,1
957,0,5,1,6,136,2,3,1,3,2,3,3,18,1,1,2,3,0,0,1,1
958,1,20,3,4,681,2,0,2,3,2,1,0,26,1,1,0,3,0,0,1,0
959,0,17,3,3,565,0,3,3,3,2,3,2,11,1,0,0,1,0,0,1,1
960,3,2,1,6,311,2,3,1,2,2,1,3,11,1,2,1,1,0,0,1,1
961,0,15,2,4,451,2,0,0,1,2,3,1,28,1,1,1,1,0,0,1,1
962,3,11,3,4,623,4,0,2,3,2,1,2,10,1,1,0,1,0,0,1,1
963,3,17,3,6,460,1,3,2,3,2,1,0,16,0,1,1,1,0,1,1,0
964,0,2,3,7,14,2,2,2,2,2,0,1,3,1,1,0,3,0,0,1,1
965,0,21,3,6,308,4,0,3,0,2,0,0,7,1,1,0,1,0,0,1,1
966,0,19,1,6,478,1,0,3,3,2,1,1,4,1,1,1,3,0,0,1,0
967,3,11,3,6,626,2,3,3,0,2,1,0,35,0,2,0,0,0,1,1,1
968,3,26,3,6,819,4,1,1,2,2,3,1,10,1,2,0,1,0,1,1,1
969,1,7,1,4,671,2,0,0,3,2,1,3,21,1,1,1,3,1,0,1,1
970,0,11,3,7,265,0,0,3,3,1,1,3,3,1,1,0,1,0,0,1,1
971,3,17,3,4,827,2,0,0,3,2,3,1,24,1,1,0,3,1,0,1,1
972,1,17,0,4,147,2,4,0,0,0,3,2,10,1,2,1,2,0,0,1,0
973,1,31,3,0,824,2,3,3,3,0,3,2,17,1,2,0,1,0,0,1,0
974,3,21,1,6,532,2,0,3,0,2,1,0,14,1,1,0,1,0,1,1,1
975,2,17,3,6,176,1,0,2,0,2,2,0,38,1,1,0,3,0,0,1,1
976,0,2,3,6,56,2,0,1,0,1,2,3,45,1,1,0,1,0,0,1,1
977,0,13,2,0,465,4,3,3,3,2,1,1,23,1,1,1,1,0,0,1,1
978,3,17,2,4,481,2,3,3,3,2,3,0,28,1,1,1,3,1,0,1,0
979,0,11,0,4,178,0,0,1,2,2,1,1,6,1,2,0,1,0,0,1,0
980,0,21,1,3,859,2,1,1,3,2,1,1,30,1,1,0,1,0,0,1,0
981,3,29,3,0,733,2,4,2,3,2,1,0,14,0,2,0,0,0,1,1,0
982,2,15,3,4,544,0,0,0,0,2,0,0,9,0,1,0,0,0,1,1,1
983,1,23,3,9,855,2,0,1,3,2,1,1,7,1,1,0,1,1,0,1,0
984,3,17,1,3,379,2,1,1,3,2,1,1,11,1,1,1,3,0,0,1,1
985,1,11,1,3,241,2,0,3,0,2,2,1,6,1,2,1,1,0,0,1,1
986,2,26,4,0,786,2,2,1,1,2,0,1,14,1,1,1,1,0,0,1,1
987,3,9,3,6,233,0,4,1,0,2,3,3,45,1,1,0,1,0,0,1,1
988,1,17,3,9,801,2,4,3,3,2,1,2,10,1,0,0,0,0,1,1,1
989,0,17,1,6,312,2,3,3,3,2,1,1,29,1,1,1,3,0,0,1,1
990,3,8,1,2,624,4,2,1,3,2,0,1,18,1,1,1,3,1,0,1,1
991,3,11,0,6,289,0,3,3,3,2,3,0,15,0,1,0,3,1,0,1,1
992,1,13,3,6,358,4,1,1,2,2,3,0,4,1,2,1,3,0,0,1,1
993,1,23,3,3,673,2,4,3,3,2,2,1,11,1,1,0,0,0,1,1,1
994,3,8,3,4,458,4,3,3,3,2,2,0,31,1,1,0,1,0,1,1,1
995,3,8,3,3,310,2,1,2,0,2,3,3,12,1,1,0,3,0,0,1,1
996,1,21,3,9,661,2,0,3,1,2,3,1,21,1,1,0,0,0,1,1,1
997,3,8,3,6,69,2,3,3,3,2,3,0,19,1,1,0,1,0,0,1,1
998,1,27,3,6,332,2,0,3,3,2,3,2,4,1,0,0,1,0,1,1,0
999,0,27,1,9,711,0,4,2,3,2,3,0,8,1,1,0,1,0,0,1,1
